22586,성상,식품,중력밀가루(1등급),식품/기타식품류/밀가루/밀가루/중력밀가루(1등급)/,고유의 색택을 가진 분말로 이미,이취가 없어야 한다,0,<=,<=,0,,
22587,수분,식품,중력밀가루(1등급),식품/기타식품류/밀가루/밀가루/중력밀가루(1등급)/,15.5 이하,,NA,<=,15.5,12100,%
22588,회분,식품,중력밀가루(1등급),식품/기타식품류/밀가루/밀가루/중력밀가루(1등급)/,0.6 이하,,NA,<=,0.6,22000,%
22589,사분,식품,중력밀가루(1등급),식품/기타식품류/밀가루/밀가루/중력밀가루(1등급)/,0.03 이하,,NA,<=,0.03,16500,%
86247,납,식품,중력밀가루(1등급),식품/기타식품류/밀가루/밀가루/중력밀가루(1등급)/,0.2 이하,,NA,<=,0.2,60500,mg/kg
86248,카드뮴,식품,중력밀가루(1등급),식품/기타식품류/밀가루/밀가루/중력밀가루(1등급)/,0.2 이하,,NA,<=,0.2,71500,mg/kg
22590,성상,식품,중력밀가루(2등급),식품/기타식품류/밀가루/밀가루/중력밀가루(2등급)/,고유의 색택을 가진 분말로 이미,이취가 없어야 한다,0,<=,<=,0,,
22591,수분,식품,중력밀가루(2등급),식품/기타식품류/밀가루/밀가루/중력밀가루(2등급)/,15.5 이하,,NA,<=,15.5,12100,%
22592,회분,식품,중력밀가루(2등급),식품/기타식품류/밀가루/밀가루/중력밀가루(2등급)/,0.9 이하,,NA,<=,0.9,22000,%
22593,사분,식품,중력밀가루(2등급),식품/기타식품류/밀가루/밀가루/중력밀가루(2등급)/,0.03 이하,,NA,<=,0.03,16500,%
86249,납,식품,중력밀가루(2등급),식품/기타식품류/밀가루/밀가루/중력밀가루(2등급)/,0.2 이하,,NA,<=,0.2,60500,mg/kg
86250,카드뮴,식품,중력밀가루(2등급),식품/기타식품류/밀가루/밀가루/중력밀가루(2등급)/,0.2 이하,,NA,<=,0.2,71500,mg/kg
22594,성상,식품,중력밀가루(3등급),식품/기타식품류/밀가루/밀가루/중력밀가루(3등급)/,고유의 색택을 가진 분말로 이미,이취가 없어야 한다,0,<=,<=,0,0,
22595,수분,식품,중력밀가루(3등급),식품/기타식품류/밀가루/밀가루/중력밀가루(3등급)/,15.5 이하,,NA,<=,15.5,12100,%
22596,회분,식품,중력밀가루(3등급),식품/기타식품류/밀가루/밀가루/중력밀가루(3등급)/,1.6 이하,,NA,<=,1.6,22000,%
22597,사분,식품,중력밀가루(3등급),식품/기타식품류/밀가루/밀가루/중력밀가루(3등급)/,0.03 이하,,NA,<=,0.03,16500,%
86251,납,식품,중력밀가루(3등급),식품/기타식품류/밀가루/밀가루/중력밀가루(3등급)/,0.2 이하,,NA,<=,0.2,60500,mg/kg
86252,카드뮴,식품,중력밀가루(3등급),식품/기타식품류/밀가루/밀가루/중력밀가루(3등급)/,0.2 이하,,NA,<=,0.2,71500,mg/kg
22598,성상,식품,영양강화밀가루,식품/기타식품류/밀가루/영양강화밀가루/,고유의 색택을 가진 분말로 이미,이취가 없어야 한다,0,<=,<=,0,,
22599,수분,식품,영양강화밀가루,식품/기타식품류/밀가루/영양강화밀가루/,15.5 이하,,NA,<=,15.5,12100,%
22600,회분,식품,영양강화밀가루,식품/기타식품류/밀가루/영양강화밀가루/,2.0 이하,,NA,<=,2,22000,%
22601,사분,식품,영양강화밀가루,식품/기타식품류/밀가루/영양강화밀가루/,0.03 이하,,NA,<=,0.03,16500,%
86253,납,식품,영양강화밀가루,식품/기타식품류/밀가루/영양강화밀가루/,0.2 이하,,NA,<=,0.2,60500,mg/kg
86254,카드뮴,식품,영양강화밀가루,식품/기타식품류/밀가루/영양강화밀가루/,0.2 이하,,NA,<=,0.2,71500,mg/kg
22602,물불용물,식품,벌꿀,식품/기타식품류/벌꿀/,0.5 이하,,NA,<=,0.5,16500,%
22603,산도,식품,벌꿀,식품/기타식품류/벌꿀/,40.0 이하,,NA,<=,40,12100,meq/kg
22604,수분,식품,벌꿀,식품/기타식품류/벌꿀/,21.0 이하,,NA,<=,21,12100,%
22605,이성화당,식품,벌꿀,식품/기타식품류/벌꿀/,음성이어야 한다,0,<=,<=,0,,
22606,인공감미료,식품,벌꿀,식품/기타식품류/벌꿀/,검출되어서는 아니된다,0,<=,<=,0,34100,
22607,자당,식품,벌꿀,식품/기타식품류/벌꿀/,7.0 이하,,NA,<=,7,66000,%
22608,전화당,식품,벌꿀,식품/기타식품류/벌꿀/,65.0 이상,65,<=,NA,,,%
22609,타르색소,식품,벌꿀,식품/기타식품류/벌꿀/,검출되어서는 아니된다,0,<=,<=,0,39600,
22610,히드록시메틸푸르푸랄,식품,벌꿀,식품/기타식품류/벌꿀/,80.0 이하,,NA,<=,80,,mg/kg
22611,수분,식품,생식제품,식품/기타식품류/생식류/생식제품/,8.0 이하 (페이스트, 액상, 겔 제외),,NA,<=,8,12100,%
22612,클로스트리디움 퍼프린젠스,식품,생식제품,식품/기타식품류/생식류/생식제품/,1g당 100 이하,,NA,<=,100,49500,CFU/g
22613,바실러스  세레우스,식품,생식제품,식품/기타식품류/생식류/생식제품/,1g당 1,000 이하,,NA,<=,1000,99000,CFU/g
22614,대장균,식품,생식제품,식품/기타식품류/생식류/생식제품/,음성이어야 한다,0,<=,<=,0,27500,
22615,수분,식품,생식함유제품,식품/기타식품류/생식류/생식함유제품/,8.0 이하 (페이스트, 액상, 겔 제외),,NA,<=,8,12100,%
22616,클로스트리디움 퍼프린젠스,식품,생식함유제품,식품/기타식품류/생식류/생식함유제품/,1g당 100 이하,,NA,<=,100,49500,CFU/g
22617,바실러스  세레우스,식품,생식함유제품,식품/기타식품류/생식류/생식함유제품/,1g당 1,000 이하,,NA,<=,1000,99000,CFU/g
22618,대장균,식품,생식함유제품,식품/기타식품류/생식류/생식함유제품/,음성이어야 한다,0,<=,<=,0,27500,
22619,대장균군,식품,시리얼류,식품/기타식품류/시리얼류/,음성이어야 한다,0,<=,<=,0,27500,
22620,무기질류,식품,시리얼류,식품/기타식품류/시리얼류/,표시량 이상이어야 한다,0,<=,<=,0,,
22621,비타민류,식품,시리얼류,식품/기타식품류/시리얼류/,표시량 이상이어야 한다,0,<=,<=,0,,
22622,수분,식품,식물성크림,식품/기타식품류/식물성크림/,8.0 이하 (분말제품에 한한다),,NA,<=,8,12100,%
22623,대장균군,식품,식물성크림,식품/기타식품류/식물성크림/,음성이어야 한다 (단, 건조제품은 제외한다),0,<=,<=,0,27500,
22624,염화나트륨,식품,가공소금,식품/기타식품류/식염/가공소금/,35.0 이상,35,<=,NA,,16500,%
22625,총염소,식품,가공소금,식품/기타식품류/식염/가공소금/,20.0 이상,20,<=,NA,,27500,%
22626,수분,식품,가공소금,식품/기타식품류/식염/가공소금/,5.5 이하,,NA,<=,5.5,12100,%
22627,황산이온,식품,가공소금,식품/기타식품류/식염/가공소금/,2.5 이하,,NA,<=,2.5,29700,%
22628,비소,식품,가공소금,식품/기타식품류/식염/가공소금/,0.5 이하,,NA,<=,0.5,77000,mg/kg
22629,납,식품,가공소금,식품/기타식품류/식염/가공소금/,2.0 이하,,NA,<=,2,19800,mg/kg
22630,카드뮴,식품,가공소금,식품/기타식품류/식염/가공소금/,0.5 이하,,NA,<=,0.5,71500,mg/kg
22631,수은,식품,가공소금,식품/기타식품류/식염/가공소금/,0.1 이하,,NA,<=,0.1,77000,mg/kg
22632,페로시안화이온,식품,가공소금,식품/기타식품류/식염/가공소금/,0.010 이하,,NA,<=,0.01,,g/kg
22633,납,식품,재제소금(재제소소금),식품/기타식품류/식염/재제소금(재제소소금)/,2.0 이하,,NA,<=,2,19800,mg/kg
22634,카드뮴,식품,재제소금(재제소소금),식품/기타식품류/식염/재제소금(재제소소금)/,0.5 이하,,NA,<=,0.5,71500,mg/kg
22635,수은,식품,재제소금(재제소소금),식품/기타식품류/식염/재제소금(재제소소금)/,0.1 이하,,NA,<=,0.1,77000,mg/kg
22636,페로시안화이온,식품,재제소금(재제소소금),식품/기타식품류/식염/재제소금(재제소소금)/,0.010 이하,,NA,<=,0.01,,g/kg
22637,염화나트륨,식품,재제소금(재제소소금),식품/기타식품류/식염/재제소금(재제소소금)/,88.0 이상,88,<=,NA,,16500,%
22638,총염소,식품,재제소금(재제소소금),식품/기타식품류/식염/재제소금(재제소소금)/,54.0 이상,54,<=,NA,,27500,%
22639,수분,식품,재제소금(재제소소금),식품/기타식품류/식염/재제소금(재제소소금)/,9.0 이하,,NA,<=,9,12100,%
22640,불용분,식품,재제소금(재제소소금),식품/기타식품류/식염/재제소금(재제소소금)/,0.02 이하,,NA,<=,0.02,17600,%
22641,황산이온,식품,재제소금(재제소소금),식품/기타식품류/식염/재제소금(재제소소금)/,5.0 이하,,NA,<=,5,29700,%
22642,비소,식품,재제소금(재제소소금),식품/기타식품류/식염/재제소금(재제소소금)/,0.5 이하,,NA,<=,0.5,77000,mg/kg
22643,염화나트륨,식품,정제소금(해양심층수염),식품/기타식품류/식염/정제소금(해양심층수염)/,70.0 이상,70,<=,NA,,16500,%
22644,총염소,식품,정제소금(해양심층수염),식품/기타식품류/식염/정제소금(해양심층수염)/,40.0 이상,40,<=,NA,,27500,%
22645,수분,식품,정제소금(해양심층수염),식품/기타식품류/식염/정제소금(해양심층수염)/,10.0 이하,,NA,<=,10,12100,%
22646,불용분,식품,정제소금(해양심층수염),식품/기타식품류/식염/정제소금(해양심층수염)/,0.02 이하,,NA,<=,0.02,17600,%
22647,황산이온,식품,정제소금(해양심층수염),식품/기타식품류/식염/정제소금(해양심층수염)/,5.0 이하,,NA,<=,5,29700,%
22648,비소,식품,정제소금(해양심층수염),식품/기타식품류/식염/정제소금(해양심층수염)/,0.5 이하,,NA,<=,0.5,77000,mg/kg
22649,납,식품,정제소금(해양심층수염),식품/기타식품류/식염/정제소금(해양심층수염)/,2.0 이하,,NA,<=,2,19800,mg/kg
22650,카드뮴,식품,정제소금(해양심층수염),식품/기타식품류/식염/정제소금(해양심층수염)/,0.5 이하,,NA,<=,0.5,71500,mg/kg
22651,수은,식품,정제소금(해양심층수염),식품/기타식품류/식염/정제소금(해양심층수염)/,0.1 이하,,NA,<=,0.1,77000,mg/kg
22652,페로시안화이온,식품,정제소금(해양심층수염),식품/기타식품류/식염/정제소금(해양심층수염)/,0.010 이하,,NA,<=,0.01,,g/kg
22653,염화나트륨,식품,정제소금,식품/기타식품류/식염/정제소금/,95.0 이상,95,<=,NA,,16500,%
22654,총염소,식품,정제소금,식품/기타식품류/식염/정제소금/,58.0 이상,58,<=,NA,,27500,%
22655,수분,식품,정제소금,식품/기타식품류/식염/정제소금/,4.0 이하,,NA,<=,4,12100,%
22656,불용분,식품,정제소금,식품/기타식품류/식염/정제소금/,0.02 이하,,NA,<=,0.02,17600,%
22657,황산이온,식품,정제소금,식품/기타식품류/식염/정제소금/,0.4 이하,,NA,<=,0.4,29700,%
22658,비소,식품,정제소금,식품/기타식품류/식염/정제소금/,0.5 이하,,NA,<=,0.5,77000,mg/kg
22659,납,식품,정제소금,식품/기타식품류/식염/정제소금/,2.0 이하,,NA,<=,2,19800,mg/kg
22660,카드뮴,식품,정제소금,식품/기타식품류/식염/정제소금/,0.5 이하,,NA,<=,0.5,71500,mg/kg
22661,수은,식품,정제소금,식품/기타식품류/식염/정제소금/,0.1 이하,,NA,<=,0.1,77000,mg/kg
22662,페로시안화이온,식품,정제소금,식품/기타식품류/식염/정제소금/,0.010 이하,,NA,<=,0.01,,g/kg
22663,염화나트륨,식품,천일염,식품/기타식품류/식염/천일염/,70.0 이상,70,<=,NA,,16500,%
22664,총염소,식품,천일염,식품/기타식품류/식염/천일염/,40.0 이상,40,<=,NA,,27500,%
22665,카드뮴,식품,천일염,식품/기타식품류/식염/천일염/,0.5 이하,,NA,<=,0.5,71500,mg/kg
22666,수은,식품,천일염,식품/기타식품류/식염/천일염/,0.1 이하,,NA,<=,0.1,77000,mg/kg
22667,페로시안화이온,식품,천일염,식품/기타식품류/식염/천일염/,불검출,0,<=,<=,0,,
22668,수분,식품,천일염,식품/기타식품류/식염/천일염/,15.0 이하,,NA,<=,15,12100,%
22669,불용분,식품,천일염,식품/기타식품류/식염/천일염/,0.15 이하,,NA,<=,0.15,17600,%
22670,황산이온,식품,천일염,식품/기타식품류/식염/천일염/,5.0 이하,,NA,<=,5,29700,%
22671,사분,식품,천일염,식품/기타식품류/식염/천일염/,0.2 이하,,NA,<=,0.2,16500,%
22672,비소,식품,천일염,식품/기타식품류/식염/천일염/,0.5 이하,,NA,<=,0.5,77000,mg/kg
22673,납,식품,천일염,식품/기타식품류/식염/천일염/,2.0 이하,,NA,<=,2,19800,mg/kg
22674,염화나트륨,식품,태움.용융소금,식품/기타식품류/식염/태움.용융소금/,88.0 이상,88,<=,NA,,16500,%
22675,총염소,식품,태움.용융소금,식품/기타식품류/식염/태움.용융소금/,50.0 이상,50,<=,NA,,27500,%
22676,수분,식품,태움.용융소금,식품/기타식품류/식염/태움.용융소금/,4.0 이하,,NA,<=,4,12100,%
22677,불용분,식품,태움.용융소금,식품/기타식품류/식염/태움.용융소금/,3.0 이하,,NA,<=,3,17600,%
22678,황산이온,식품,태움.용융소금,식품/기타식품류/식염/태움.용융소금/,5.0 이하,,NA,<=,5,29700,%
22679,사분,식품,태움.용융소금,식품/기타식품류/식염/태움.용융소금/,0.1 이하,,NA,<=,0.1,16500,%
22680,비소,식품,태움.용융소금,식품/기타식품류/식염/태움.용융소금/,0.5 이하,,NA,<=,0.5,77000,mg/kg
22681,납,식품,태움.용융소금,식품/기타식품류/식염/태움.용융소금/,2.0 이하,,NA,<=,2,19800,mg/kg
22682,카드뮴,식품,태움.용융소금,식품/기타식품류/식염/태움.용융소금/,0.5 이하,,NA,<=,0.5,71500,mg/kg
22683,수은,식품,태움.용융소금,식품/기타식품류/식염/태움.용융소금/,0.1 이하,,NA,<=,0.1,77000,mg/kg
22684,페로시안화이온,식품,태움.용융소금,식품/기타식품류/식염/태움.용융소금/,0.010 이하,,NA,<=,0.01,,g/kg
22685,염소이온,식품,식용얼음,식품/기타식품류/얼음류/식용얼음/,250 이하,,NA,<=,250,13200,mg/L
22686,질산성질소,식품,식용얼음,식품/기타식품류/얼음류/식용얼음/,10.0 이하,,NA,<=,10,26400,mg/L
22687,암모니아성질소,식품,식용얼음,식품/기타식품류/얼음류/식용얼음/,0.5 이하,,NA,<=,0.5,,mg/L
22688,과망간산칼륨소비량,식품,식용얼음,식품/기타식품류/얼음류/식용얼음/,10.0 이하,,NA,<=,10,27500,mg/L
22689,pH,식품,식용얼음,식품/기타식품류/얼음류/식용얼음/,5.8 ~ 8.5,5.8,<=,<=,8.5,8800,
22690,세균수,식품,식용얼음,식품/기타식품류/얼음류/식용얼음/,1mL당 100 이하,,NA,<=,100,18700,CFU/mL
22691,대장균군,식품,식용얼음,식품/기타식품류/얼음류/식용얼음/,50mL중 음성이어야 한다,0,<=,<=,0,27500,
22692,pH,식품,어업용얼음,식품/기타식품류/얼음류/어업용얼음/,5.8 ~ 8.5,5.8,<=,<=,8.5,8800,
22693,증발잔류물,식품,어업용얼음,식품/기타식품류/얼음류/어업용얼음/,1,500 이하,,NA,<=,1500,36300,mg/L
22694,세균수,식품,어업용얼음,식품/기타식품류/얼음류/어업용얼음/,1mL당 100 이하,,NA,<=,100,18700,CFU/mL
22695,대장균군,식품,어업용얼음,식품/기타식품류/얼음류/어업용얼음/,50mL중 음성이어야 한다,0,<=,<=,0,27500,
22696,수분,식품,기타전분,식품/기타식품류/전분/기타전분/,15.0 이하,,NA,<=,15,12100,%
22697,회분,식품,기타전분,식품/기타식품류/전분/기타전분/,0.4 이하,,NA,<=,0.4,22000,%
22698,산도(0.02N 수산화나트륨액의 소비량),식품,기타전분,식품/기타식품류/전분/기타전분/,3 mL 이하,,NA,<=,3,12100,mL
216660,성상,식품,기타전분,식품/기타식품류/전분/기타전분/,적합하여야 한다,0,<=,<=,0,0,
22699,수분,식품,감자전분,식품/기타식품류/전분/전분/감자전분/,20.0 이하,,NA,<=,20,12100,%
22700,회분,식품,감자전분,식품/기타식품류/전분/전분/감자전분/,0.4 이하,,NA,<=,0.4,22000,%
22701,산도(0.02N 수산화나트륨액의 소비량),식품,감자전분,식품/기타식품류/전분/전분/감자전분/,3 mL 이하,,NA,<=,3,12100,mL
216661,성상,식품,감자전분,식품/기타식품류/전분/전분/감자전분/,적합하여야 한다,0,<=,<=,0,0,
218541,일반세균,수질,마을상수도_지하수(전항목),,100 CFU/mL 이하,,NA,<=,100,5300,CFU/mL
218542,경도,수질,마을상수도_지하수(전항목),,1000 mg/L이하,,NA,<=,1000,2400,㎎/L
218543,과망간산칼륨소비량,수질,마을상수도_지하수(전항목),,10 mg/L이하,,NA,<=,10,2800,㎎/L
218544,냄새,수질,마을상수도_지하수(전항목),,없음,0,<=,<=,0,600,
218545,맛,수질,마을상수도_지하수(전항목),,없음,0,<=,<=,0,300,
218546,색도,수질,마을상수도_지하수(전항목),,5 도이하,,NA,<=,5,2600,도
218547,수소이온농도,수질,마을상수도_지하수(전항목),,5.8~8.5,5.8,<=,<=,8.5,300,
218548,유리잔류염소,수질,마을상수도_지하수(전항목),,4.0 mg/L이하,,NA,<=,4,3700,㎎/L
218549,증발잔류물,수질,마을상수도_지하수(전항목),,500 mg/L이하,,NA,<=,500,2900,㎎/L
218550,세제(음이온계면활성제),수질,마을상수도_지하수(전항목),,0.5 mg/L이하,,NA,<=,0.5,9200,㎎/L
218551,총대장균군,수질,마을상수도_지하수(전항목),,불검출/100 mL,0,<=,<=,0,8800,/100 mL
218552,분원성대장균군,수질,마을상수도_지하수(전항목),,불검출/100 mL,0,<=,<=,0,8400,/100 mL
218553,페놀,수질,마을상수도_지하수(전항목),,0.005 mg/L이하,,NA,<=,0.005,9300,㎎/L
218554,시안,수질,마을상수도_지하수(전항목),,0.01 mg/L이하,,NA,<=,0.01,11300,㎎/L
218555,암모니아성질소,수질,마을상수도_지하수(전항목),,0.5 mg/L이하,,NA,<=,0.5,2300,㎎/L
218556,동,수질,마을상수도_지하수(전항목),,1 mg/L이하,,NA,<=,1,6100,㎎/L
218557,보론,수질,마을상수도_지하수(전항목),,1.0 mg/L이하,,NA,<=,1,3100,㎎/L
218558,세레늄,수질,마을상수도_지하수(전항목),,0.01 mg/L이하,,NA,<=,0.01,6600,㎎/L
218559,수은,수질,마을상수도_지하수(전항목),,0.001 mg/L 이하,,NA,<=,0.001,6600,㎎/L
218560,아연,수질,마을상수도_지하수(전항목),,3 mg/L이하,,NA,<=,3,6100,㎎/L
218561,알루미늄,수질,마을상수도_지하수(전항목),,0.2 mg/L이하,,NA,<=,0.2,6100,㎎/L
218562,철,수질,마을상수도_지하수(전항목),,0.3 mg/L이하,,NA,<=,0.3,6100,㎎/L
218563,카드뮴,수질,마을상수도_지하수(전항목),,0.005 mg/L이하,,NA,<=,0.005,6100,㎎/L
218564,납,수질,마을상수도_지하수(전항목),,0.01 mg/L이하,,NA,<=,0.01,6100,㎎/L
218565,망간,수질,마을상수도_지하수(전항목),,0.05 mg/L이하,,NA,<=,0.05,6100,㎎/L
218566,비소,수질,마을상수도_지하수(전항목),,0.01 mg/L이하,,NA,<=,0.0106,7700,㎎/L
218567,크롬,수질,마을상수도_지하수(전항목),,0.05 mg/L이하,0,<=,<=,0.05,3900,㎎/L
218568,불소,수질,마을상수도_지하수(전항목),,1.5 mg/L이하,,NA,<=,1.5,9300,㎎/L
218569,염소이온,수질,마을상수도_지하수(전항목),,250 mg/L이하,,NA,<=,250,3900,㎎/L
218570,질산성질소,수질,마을상수도_지하수(전항목),,10 mg/L이하,,NA,<=,10,7200,㎎/L
218571,황산이온,수질,마을상수도_지하수(전항목),,200 mg/L이하,,NA,<=,200,11800,㎎/L
218572,다이아지논,수질,마을상수도_지하수(전항목),,0.02 mg/L이하,,NA,<=,0.02,15600,㎎/L
218573,파라티온,수질,마을상수도_지하수(전항목),,0.06 mg/L이하,,NA,<=,0.06,15600,㎎/L
218574,페니트로티온,수질,마을상수도_지하수(전항목),,0.04 mg/L이하,,NA,<=,0.04,15600,㎎/L
218575,카바릴,수질,마을상수도_지하수(전항목),,0.07 mg/L이하,,NA,<=,0.07,15700,㎎/L
218576,디클로로메탄,수질,마을상수도_지하수(전항목),,0.02 mg/L이하,,NA,<=,0.02,13600,㎎/L
218577,벤젠,수질,마을상수도_지하수(전항목),,0.01 mg/L이하,,NA,<=,0.01,13600,㎎/L
218578,에틸벤젠,수질,마을상수도_지하수(전항목),,0.3 mg/L이하,,NA,<=,0.3,13600,㎎/L
218579,크실렌,수질,마을상수도_지하수(전항목),,0.5 mg/L이하,,NA,<=,0.5,13600,㎎/L
218580,톨루엔,수질,마을상수도_지하수(전항목),,0.7 mg/L이하,,NA,<=,0.7,13600,㎎/L
218581,1,1,1-트리클로로에탄,수질,마을상수도_지하수(전항목),,0.1 mg/L이하,,NA,<=,0.1,19600,㎎/L
218582,1,1-디클로로에틸렌,수질,마을상수도_지하수(전항목),,0.03 mg/L이하,,NA,<=,0.03,13600,㎎/L
218583,디브로모클로로메탄,수질,마을상수도_지하수(전항목),,0.1 mg/L이하,,NA,<=,0.1,19600,㎎/L
218584,브로모디클로로메탄,수질,마을상수도_지하수(전항목),,0.03 mg/L이하,,NA,<=,0.03,19600,㎎/L
218585,사염화탄소,수질,마을상수도_지하수(전항목),,0.002 mg/L이하,,NA,<=,0.002,13600,㎎/L
218586,총트리할로메탄,수질,마을상수도_지하수(전항목),,0.1 mg/L이하,,NA,<=,0.1,19600,㎎/L
218587,클로로포름,수질,마을상수도_지하수(전항목),,0.08 mg/L이하,,NA,<=,0.08,19600,㎎/L
218588,테트라클로로에틸렌,수질,마을상수도_지하수(전항목),,0.01 mg/L이하,,NA,<=,0.01,19600,㎎/L
218589,트리클로로에틸렌,수질,마을상수도_지하수(전항목),,0.03 mg/L이하,,NA,<=,0.03,19600,㎎/L
218590,브로모포름,수질,마을상수도_지하수(전항목),,-,0,<=,NA,,0,
218591,1,4-다이옥산,수질,마을상수도_지하수(전항목),,0.05 mg/L이하,0,<=,<=,0.05,19600,㎎/L
218592,1,2-디브로모-3-클로로프로판,수질,마을상수도_지하수(전항목),,0.003 mg/L이하,,NA,<=,0.003,21400,㎎/L
218593,디브로모아세토니트릴,수질,마을상수도_지하수(전항목),,0.1 mg/L이하,,NA,<=,0.1,21400,㎎/L
218594,디클로로아세토니트릴,수질,마을상수도_지하수(전항목),,0.09 mg/L이하,,NA,<=,0.09,21400,㎎/L
218595,클로랄하이드레이트,수질,마을상수도_지하수(전항목),,0.03 mg/L이하,,NA,<=,0.03,21400,㎎/L
218596,트리클로로아세토니트릴,수질,마을상수도_지하수(전항목),,0.004 mg/L이하,,NA,<=,0.004,21400,㎎/L
218597,할로아세틱에시드,수질,마을상수도_지하수(전항목),,0.1 mg/L이하,,NA,<=,0.1,29200,㎎/L
218598,탁도,수질,마을상수도_지하수(전항목),,1 NTU이하,,NA,<=,1,400,NTU
219854,경도,수질,마을상수도_지하수(전항목),,300 mg/L이하,,NA,<=,300,2400,㎎/L
219145,냄새,수질,지하수참고용,,소독냄새 이외의 무취,0,<=,<=,0,600,
219150,맛,수질,지하수참고용,,소독맛 이외의 무미,0,<=,<=,0,300,
219158,색도,수질,지하수참고용,,5 도이하,,NA,<=,5,2600,도
219161,수소이온농도,수질,지하수참고용,,5.8~8.5,5.8,<=,<=,8.5,300,
219169,일반세균,수질,지하수참고용,,100 CFU/mL이하,,NA,<=,100,5300,CFU/mL
219173,총대장균군,수질,지하수참고용,,불검출/100mL,0,<=,<=,0,8800,/100mL
219177,탁도,수질,지하수참고용,,1 NTU이하,,NA,<=,1,400,NTU
219185,분원성대장균/대장균,수질,지하수참고용,,불검출/100mL,0,<=,<=,0,8400,/100mL
219190,경도,수질,지하수참고용,,1000 mg/L이하,,NA,<=,1000,2400,㎎/L
219191,증발잔류물,수질,지하수참고용,,- mg/L,,NA,NA,,2900,㎎/L
219194,납,수질,지하수참고용,,0.01 mg/L이하,,NA,NA,,6100,㎎/L
219196,불소,수질,지하수참고용,,1.5mg/L이하,,NA,NA,,9300,㎎/L
219197,비소,수질,지하수참고용,,0.01 mg/L이하,,NA,NA,,7700,㎎/L
219198,세레늄,수질,지하수참고용,,0.01 mg/L이하,,NA,NA,,6600,㎎/L
219199,수은,수질,지하수참고용,,0.001 mg/L 이하,,NA,NA,,6600,㎎/L
219200,시안,수질,지하수참고용,,0.01 mg/L이하,,NA,NA,,11300,㎎/L
219201,크롬,수질,지하수참고용,,0.05 mg/L이하,,NA,NA,,3900,mg/L
219202,암모니아성질소,수질,지하수참고용,,0.5 mg/L이하,,NA,NA,,2300,㎎/L
219203,질산성질소,수질,지하수참고용,,10 mg/L이하,,NA,NA,,7200,㎎/L
219204,카드뮴,수질,지하수참고용,,0.005 mg/L이하,,NA,NA,,6100,㎎/L
219205,보론,수질,지하수참고용,,1.0 mg/L이하,,NA,NA,,3100,㎎/L
219206,페놀,수질,지하수참고용,,0.005 mg/L이하,,NA,NA,,9300,㎎/L
219207,다이아지논,수질,지하수참고용,,0.02 mg/L이하,,NA,NA,,15600,mg/L
219208,파라티온,수질,지하수참고용,,0.06 mg/L이하,,NA,NA,,15600,㎎/L
219209,페니트로티온,수질,지하수참고용,,0.04 mg/L이하,,NA,NA,,15600,㎎/L
219210,카바릴,수질,지하수참고용,,0.07 mg/L이하,,NA,NA,,15700,㎎/L
219211,1,1,1-트리클로로에탄,수질,지하수참고용,,0.1 mg/L이하,,NA,NA,,19600,㎎/L
219212,테트라클로로에틸렌,수질,지하수참고용,,0.01 mg/L이하,,NA,NA,,19600,㎎/L
219213,트리클로로에틸렌,수질,지하수참고용,,0.03 mg/L이하,,NA,NA,,19600,㎎/L
219214,디클로로메탄,수질,지하수참고용,,0.02 mg/L이하,,NA,NA,,13600,㎎/L
219215,벤젠,수질,지하수참고용,,0.01 mg/L이하,,NA,NA,,13600,㎎/L
219216,톨루엔,수질,지하수참고용,,0.7 mg/L이하,,NA,NA,,13600,㎎/L
219217,에틸벤젠,수질,지하수참고용,,0.3 mg/L이하,,NA,NA,,13600,㎎/L
219218,크실렌,수질,지하수참고용,,0.5 mg/L이하,,NA,NA,,13600,㎎/L
219219,1,1-디클로로에틸렌,수질,지하수참고용,,0.03 mg/L이하,,NA,NA,,13600,㎎/L
219220,사염화탄소,수질,지하수참고용,,0.002 mg/L이하,,NA,NA,,13600,㎎/L
219221,1,2-디브로모-3-클로로프로판,수질,지하수참고용,,0.003 mg/L이하,,NA,NA,,21400,㎎/L
219222,과망간산칼륨소비량,수질,지하수참고용,,10 mg/L이하,,NA,NA,,2800,㎎/L
219223,동,수질,지하수참고용,,1 mg/L이하,,NA,NA,,6100,㎎/L
219224,세제(음이온계면활성제),수질,지하수참고용,,0.5 mg/L이하,,NA,NA,,9200,㎎/L
219225,아연,수질,지하수참고용,,3 mg/L이하,,NA,NA,,6100,㎎/L
219226,염소이온,수질,지하수참고용,,250 mg/L이하,,NA,NA,,3900,㎎/L
219227,철,수질,지하수참고용,,0.3 mg/L이하,,NA,NA,,6100,㎎/L
219228,망간,수질,지하수참고용,,0.3 mg/L이하,,NA,NA,,6100,㎎/L
219229,황산이온,수질,지하수참고용,,200 mg/L이하,,NA,NA,,11800,㎎/L
219230,알루미늄,수질,지하수참고용,,0.2 mg/L이하,,NA,NA,,6100,㎎/L
219231,1,4-다이옥산,수질,지하수참고용,,0.05 mg/L이하,,NA,NA,,19600,mg/L
234371,화학적산소요구량,수질,지하수참고용,,-mg/L,,NA,<=,5,7300,㎎/L
271332,쉬겔라,수질,지하수참고용,,불검출/250mL,0,<=,<=,0,14600,/250㎖
271333,살모넬라,수질,지하수참고용,,불검출/250mL,0,<=,<=,0,15900,/250㎖
271950,칼슘,수질,지하수참고용,,-mg/L,,NA,NA,,6100,mg/L
232492,보존료,식품,갈비가공품(멸균제품)(축산물즉석판매제품),식품/축산물즉석판매제조//갈비가공품(멸균제품)(축산물즉석판매제품),검출되어서는 아니된다,0,<=,<=,0,52800,g/kg
232493,성상,식품,갈비가공품(멸균제품)(축산물즉석판매제품),식품/축산물즉석판매제조//갈비가공품(멸균제품)(축산물즉석판매제품),고유의 색택을 가지고 이미,이취가 없어야 한다,0,<=,<=,0,,
232494,아질산이온,식품,갈비가공품(멸균제품)(축산물즉석판매제품),식품/축산물즉석판매제조//갈비가공품(멸균제품)(축산물즉석판매제품),0.07 이하,,NA,<=,0.07,18700,g/kg
232495,타르색소,식품,갈비가공품(멸균제품)(축산물즉석판매제품),식품/축산물즉석판매제조//갈비가공품(멸균제품)(축산물즉석판매제품),검출되어서는 아니된다,0,<=,<=,0,39600,
232496,세균수,식품,갈비가공품(멸균제품)(축산물즉석판매제품),식품/축산물즉석판매제조//갈비가공품(멸균제품)(축산물즉석판매제품),음성이어야 한다,0,<=,<=,0,18700,
232555,이물,식품,양념육류(육지물)(축산물즉석판매제품),식품/축산물즉석판매제조//양념육류(육지물)(축산물즉석판매제품),적합하여야 한다,0,<=,<=,0,11000,
232556,타르색소,식품,양념육류(육지물)(축산물즉석판매제품),식품/축산물즉석판매제조//양념육류(육지물)(축산물즉석판매제품),검출되어서는 아니된다,0,<=,<=,0,39600,
232557,아질산이온,식품,양념육류(육지물)(축산물즉석판매제품),식품/축산물즉석판매제조//양념육류(육지물)(축산물즉석판매제품),0.07 이하,,NA,<=,0.07,18700,g/kg
232558,보존료,식품,양념육류(육지물)(축산물즉석판매제품),식품/축산물즉석판매제조//양념육류(육지물)(축산물즉석판매제품),검출되어서는 아니된다,0,<=,<=,0,52800,g/kg
232559,성상,식품,양념육류(육지물)(축산물즉석판매제품),식품/축산물즉석판매제조//양념육류(육지물)(축산물즉석판매제품),고유의 색택을 가지고 이미,이취가 없어야 한다,0,<=,<=,0,,
232570,이물,식품,양념육(축산물즉석판매제품),식품/축산물즉석판매제조//양념육(축산물즉석판매제품),적합하여야 한다,0,<=,<=,0,11000,
232571,타르색소,식품,양념육(축산물즉석판매제품),식품/축산물즉석판매제조//양념육(축산물즉석판매제품),검출되어서는 아니된다,0,<=,<=,0,39600,
232572,아질산이온,식품,양념육(축산물즉석판매제품),식품/축산물즉석판매제조//양념육(축산물즉석판매제품),0.07 이하,,NA,<=,0.07,18700,g/kg
232573,보존료,식품,양념육(축산물즉석판매제품),식품/축산물즉석판매제조//양념육(축산물즉석판매제품),검출되어서는 아니된다,0,<=,<=,0,52800,g/kg
232574,성상,식품,양념육(축산물즉석판매제품),식품/축산물즉석판매제조//양념육(축산물즉석판매제품),고유의 색택을 가지고 이미,이취가 없어야 한다,0,<=,<=,0,,
232575,보존료,식품,포장육(축산물즉석판매제품),식품/축산물즉석판매제조//포장육(축산물즉석판매제품),검출되어서는 아니된다,0,<=,<=,0,52800,g/kg
232576,성상,식품,포장육(축산물즉석판매제품),식품/축산물즉석판매제조//포장육(축산물즉석판매제품),고유의 색택을 가지고 이미,이취가 없어야 한다,0,<=,<=,0,,
232577,휘발성염기질소,식품,포장육(축산물즉석판매제품),식품/축산물즉석판매제조//포장육(축산물즉석판매제품),20 이하,,NA,<=,20,22000,mg%
232578,타르색소,식품,포장육(축산물즉석판매제품),식품/축산물즉석판매제조//포장육(축산물즉석판매제품),검출되어서는 아니된다,0,<=,<=,0,39600,
식품,식육추출가공품,식품/축산물즉석판매제조/식육추출가공품/,,,,,,,
232605,리스테리아모노사이토제네스,식품,단순식육추출가공품(축산물즉석판매제품),식품/축산물즉석판매제조/식육추출가공품//단순식육추출가공품(축산물즉석판매제품),음성이어야 한다 (단, 직접 음용하는 제품에 한한다),0,<=,<=,0,27500,
232606,살모넬라,식품,단순식육추출가공품(축산물즉석판매제품),식품/축산물즉석판매제조/식육추출가공품//단순식육추출가공품(축산물즉석판매제품),음성이어야 한다 (단, 직접 음용하는 제품에 한한다),0,<=,<=,0,25300,
232607,대장균,식품,단순식육추출가공품(축산물즉석판매제품),식품/축산물즉석판매제조/식육추출가공품//단순식육추출가공품(축산물즉석판매제품),음성이어야 한다 (다만, 살균제품이나 직접 음용하는 제품은 제외한다),0,<=,<=,0,27500,
232608,대장균군,식품,단순식육추출가공품(축산물즉석판매제품),식품/축산물즉석판매제조/식육추출가공품//단순식육추출가공품(축산물즉석판매제품),음성이어야 한다 (살균제품이나 직접 음용하는 제품에 한한다),0,<=,<=,0,27500,
232609,성상,식품,단순식육추출가공품(축산물즉석판매제품),식품/축산물즉석판매제조/식육추출가공품//단순식육추출가공품(축산물즉석판매제품),고유의 색택과 향미를 가지고 이미,이취가 없어야 한다,0,<=,<=,0,,
232610,타르색소,식품,단순식육추출가공품(축산물즉석판매제품),식품/축산물즉석판매제조/식육추출가공품//단순식육추출가공품(축산물즉석판매제품),검출되어서는 아니된다,0,<=,<=,0,39600,
232611,세균수,식품,단순식육추출가공품(축산물즉석판매제품),식품/축산물즉석판매제조/식육추출가공품//단순식육추출가공품(축산물즉석판매제품),1㎖당 100 이하이어야 한다 (직접 음용하는 제품에 한한다),,NA,<=,100,18700,CFU/mL
232612,수분,식품,단순식육추출가공품(축산물즉석판매제품),식품/축산물즉석판매제조/식육추출가공품//단순식육추출가공품(축산물즉석판매제품),10.0  이하 (건조제품에 한한다),,NA,<=,10,12100,%
232629,보존료,식품,생햄(축산물즉석판매제품),식품/축산물즉석판매제조/햄류//생햄(축산물즉석판매제품),2.0 이하 (소르빈산으로서, 단 정하는 것 이외의 보존료가 검출되어서는 아니된다),,NA,<=,2,52800,g/kg
232630,성상,식품,생햄(축산물즉석판매제품),식품/축산물즉석판매제조/햄류//생햄(축산물즉석판매제품),고유의 색택을 가지고 이미,이취가 없어야 한다,0,<=,<=,0,0,
232631,대장균군,식품,생햄(축산물즉석판매제품),식품/축산물즉석판매제조/햄류//생햄(축산물즉석판매제품),n=5, c=2, m=10, M=100 (다만, 비가열식육가공품은 제외한다),0,<=,<=,2,27500,
232632,리스테리아모노사이토제네스,식품,생햄(축산물즉석판매제품),식품/축산물즉석판매제조/햄류//생햄(축산물즉석판매제품),음성이어야 한다 (단, 가열제품및 비가열제품중 직접섭취제품에 한한다),0,<=,<=,0,27500,
232633,살모넬라,식품,생햄(축산물즉석판매제품),식품/축산물즉석판매제조/햄류//생햄(축산물즉석판매제품),음성이어야 한다 (단, 가열제품및 비가열제품중 직접섭취제품에 한한다),0,<=,<=,0,25300,
232634,아질산이온,식품,생햄(축산물즉석판매제품),식품/축산물즉석판매제조/햄류//생햄(축산물즉석판매제품),0.07 이하,,NA,<=,0.07,18700,g/kg
232635,타르색소,식품,생햄(축산물즉석판매제품),식품/축산물즉석판매제조/햄류//생햄(축산물즉석판매제품),검출되어서는 아니된다,0,<=,<=,0,39600,
232636,보존료,식품,프레스햄(멸균제품)(축산물즉석판매제품),식품/축산물즉석판매제조/햄류//프레스햄(멸균제품)(축산물즉석판매제품),2.0 이하 (소르빈산으로서, 단 정하는 것 이외의 보존료가 검출되어서는 아니된다),,NA,<=,2,52800,g/kg
232637,성상,식품,프레스햄(멸균제품)(축산물즉석판매제품),식품/축산물즉석판매제조/햄류//프레스햄(멸균제품)(축산물즉석판매제품),고유의 색택을 가지고 이미,이취가 없어야 한다,0,<=,<=,0,,
232638,아질산이온,식품,프레스햄(멸균제품)(축산물즉석판매제품),식품/축산물즉석판매제조/햄류//프레스햄(멸균제품)(축산물즉석판매제품),0.07 이하,,NA,<=,0.07,18700,g/kg
232639,타르색소,식품,프레스햄(멸균제품)(축산물즉석판매제품),식품/축산물즉석판매제조/햄류//프레스햄(멸균제품)(축산물즉석판매제품),검출되어서는 아니된다,0,<=,<=,0,39600,
232640,세균수,식품,프레스햄(멸균제품)(축산물즉석판매제품),식품/축산물즉석판매제조/햄류//프레스햄(멸균제품)(축산물즉석판매제품),음성이어야 한다,0,<=,<=,0,18700,
232648,보존료,식품,햄(멸균제품)(축산물즉석판매제품),식품/축산물즉석판매제조/햄류//햄(멸균제품)(축산물즉석판매제품),2.0 이하 (소르빈산으로서, 단 정하는 것 이외의 보존료가 검출되어서는 아니된다),,NA,<=,2,52800,g/kg
232649,성상,식품,햄(멸균제품)(축산물즉석판매제품),식품/축산물즉석판매제조/햄류//햄(멸균제품)(축산물즉석판매제품),고유의 색택을 가지고 이미,이취가 없어야 한다,0,<=,<=,0,,
232650,아질산이온,식품,햄(멸균제품)(축산물즉석판매제품),식품/축산물즉석판매제조/햄류//햄(멸균제품)(축산물즉석판매제품),0.07 이하,,NA,<=,0.07,18700,g/kg
232651,타르색소,식품,햄(멸균제품)(축산물즉석판매제품),식품/축산물즉석판매제조/햄류//햄(멸균제품)(축산물즉석판매제품),검출되어서는 아니된다,0,<=,<=,0,39600,
232652,세균수,식품,햄(멸균제품)(축산물즉석판매제품),식품/축산물즉석판매제조/햄류//햄(멸균제품)(축산물즉석판매제품),음성이어야 한다,0,<=,<=,0,18700,
232653,살모넬라,식품,햄(축산물즉석판매제품),식품/축산물즉석판매제조/햄류//햄(축산물즉석판매제품),음성이어야 한다 (단, 가열제품및 비가열제품중 직접섭취제품에 한한다),0,<=,<=,0,25300,
232654,성상,식품,햄(축산물즉석판매제품),식품/축산물즉석판매제조/햄류//햄(축산물즉석판매제품),고유의 색택을 가지고 이미,이취가 없어야 한다,0,<=,<=,0,,
232655,타르색소,식품,햄(축산물즉석판매제품),식품/축산물즉석판매제조/햄류//햄(축산물즉석판매제품),검출되어서는 아니된다,0,<=,<=,0,39600,
232656,리스테리아모노사이토제네스,식품,햄(축산물즉석판매제품),식품/축산물즉석판매제조/햄류//햄(축산물즉석판매제품),음성이어야 한다 (단, 가열제품및 비가열제품중 직접섭취제품에 한한다),0,<=,<=,0,27500,
232657,대장균군,식품,햄(축산물즉석판매제품),식품/축산물즉석판매제조/햄류//햄(축산물즉석판매제품),n=5, c=2, m=10, M=100 (다만, 비가열식육가공품은 제외한다),0,<=,<=,2,27500,
232658,아질산이온,식품,햄(축산물즉석판매제품),식품/축산물즉석판매제조/햄류//햄(축산물즉석판매제품),0.07 이하,,NA,<=,0.07,18700,g/kg
232659,보존료,식품,햄(축산물즉석판매제품),식품/축산물즉석판매제조/햄류//햄(축산물즉석판매제품),2.0 이하 (소르빈산으로서, 단 정하는 것 이외의 보존료가 검출되어서는 아니된다),,NA,<=,2,52800,g/kg
232665,대장균군,식품,혼합프레스햄(축산물즉석판매제품),식품/축산물즉석판매제조/햄류//혼합프레스햄(축산물즉석판매제품),n=5, c=2, m=10, M=100 (다만, 비가열식육가공품은 제외한다),0,<=,<=,2,27500,
232666,리스테리아모노사이토제네스,식품,혼합프레스햄(축산물즉석판매제품),식품/축산물즉석판매제조/햄류//혼합프레스햄(축산물즉석판매제품),음성이어야 한다 (단, 가열제품및 비가열제품중 직접섭취제품에 한한다),0,<=,<=,0,27500,
232667,살모넬라,식품,혼합프레스햄(축산물즉석판매제품),식품/축산물즉석판매제조/햄류//혼합프레스햄(축산물즉석판매제품),음성이어야 한다 (단, 가열제품및 비가열제품중 직접섭취제품에 한한다),0,<=,<=,0,25300,
232668,보존료,식품,혼합프레스햄(축산물즉석판매제품),식품/축산물즉석판매제조/햄류//혼합프레스햄(축산물즉석판매제품),2.0 이하 (소르빈산으로서, 단 정하는 것 이외의 보존료가 검출되어서는 아니된다),,NA,<=,2,52800,g/kg
232669,성상,식품,혼합프레스햄(축산물즉석판매제품),식품/축산물즉석판매제조/햄류//혼합프레스햄(축산물즉석판매제품),고유의 색택을 가지고 이미,이취가 없어야 한다,0,<=,<=,0,,
232670,아질산이온,식품,혼합프레스햄(축산물즉석판매제품),식품/축산물즉석판매제조/햄류//혼합프레스햄(축산물즉석판매제품),0.07 이하,,NA,<=,0.07,18700,g/kg
232671,타르색소,식품,혼합프레스햄(축산물즉석판매제품),식품/축산물즉석판매제조/햄류//혼합프레스햄(축산물즉석판매제품),검출되어서는 아니된다,0,<=,<=,0,39600,
231371,수소이온농도,수질,분석실험용물(3등급),,5.0~7.5,5,<=,<=,7.5,12000,
231386,전기전도도(EC),수질,분석실험용물(3등급),,0.5 mS/m이하,0,<=,<=,0.5,15000,mS/m
231394,과망간산칼륨소비량,수질,분석실험용물(3등급),,0.4 mg/L이하,,NA,<=,0.4,30000,㎎/L
231395,증발잔류물,수질,분석실험용물(3등급),,2 mg/L이하,,NA,<=,2,15000,㎎/L
218444,세균수,식품,소스류(멸균,레토르트),식품/조미식품//소스류(멸균,레토르트),음성이어야 한다,0,<=,<=,0,18700,
218445,타르색소,식품,소스류(멸균,레토르트),식품/조미식품//소스류(멸균,레토르트),검출되어서는 아니된다,0,<=,<=,0,39600,
218446,보존료,식품,소스류(멸균,레토르트),식품/조미식품//소스류(멸균,레토르트),0.2 이하 (파라옥시안식향산으로서, 그 외 정해진 것 이외의 보존료가 검출되어서는 아니된다),,NA,<=,0.2,52800,g/kg
218447,대장균군,식품,소스류(멸균,레토르트),식품/조미식품//소스류(멸균,레토르트),음성이어야 한다,0,<=,<=,0,27500,
218448,세균,식품,소스류(멸균,레토르트),식품/조미식품//소스류(멸균,레토르트),세균발육이 음성이어야 한다,0,<=,<=,0,27500,
218812,성상,축산,양념육,축산물/식육가공품 및 포장육/공통사항//양념육,고유의 색택을 가지고 이미,이취가 없어야 한다,0,<=,<=,0,0,
218813,아질산이온,축산,양념육,축산물/식육가공품 및 포장육/공통사항//양념육,0.07 이하,,NA,<=,0.07,11000,g/kg
218814,타르색소,축산,양념육,축산물/식육가공품 및 포장육/공통사항//양념육,검출되어서는 아니된다,0,<=,<=,0,16500,
218815,보존료,축산,양념육,축산물/식육가공품 및 포장육/공통사항//양념육,검출되어서는 아니된다,0,<=,<=,0,27500,g/kg
218816,이물,축산,양념육,축산물/식육가공품 및 포장육/공통사항//양념육,적합하여야 한다,0,<=,<=,0,8800,
218817,대장균군,축산,양념육,축산물/식육가공품 및 포장육/공통사항//양념육,n=5, c=2, m=10, M=100 (다만, 비가열식육가공품은 제외한다),0,<=,<=,2,8800,
218818,리스테리아모노사이토제네스,축산,양념육,축산물/식육가공품 및 포장육/공통사항//양념육,음성이어야 한다 (단, 가열제품및 비가열제품중 직접섭취제품에 한한다),0,<=,<=,0,11000,
218819,살모넬라,축산,양념육,축산물/식육가공품 및 포장육/공통사항//양념육,음성이어야 한다 (단, 가열제품및 비가열제품중 직접섭취제품에 한한다),0,<=,<=,0,11000,
218820,대장균 O157:H7,축산,양념육,축산물/식육가공품 및 포장육/공통사항//양념육,음성이어야 한다,0,<=,<=,0,14300,
270826,리스테리아모노사이토제네스,축산,양념육,축산물/식육가공품 및 포장육/공통사항//양념육,n=5, c=0, m=0/25g (단, 가열제품및 비가열제품중 직접섭취제품에 한한다),0,<=,<=,0,11000,
270827,살모넬라,축산,양념육,축산물/식육가공품 및 포장육/공통사항//양념육,n=5, c=0, m=0/25g (단, 가열제품및 비가열제품중 직접섭취제품에 한한다),0,<=,<=,0,11000,
218821,성상,축산,가열양념육,축산물/식육가공품 및 포장육/공통사항//가열양념육,고유의 색택을 가지고 이미,이취가 없어야 한다,0,<=,<=,0,0,
218822,아질산이온,축산,가열양념육,축산물/식육가공품 및 포장육/공통사항//가열양념육,0.07 이하,,NA,<=,0.07,11000,g/kg
218823,타르색소,축산,가열양념육,축산물/식육가공품 및 포장육/공통사항//가열양념육,검출되어서는 아니된다,0,<=,<=,0,16500,
218824,보존료,축산,가열양념육,축산물/식육가공품 및 포장육/공통사항//가열양념육,검출되어서는 아니된다,0,<=,<=,0,27500,g/kg
218825,이물,축산,가열양념육,축산물/식육가공품 및 포장육/공통사항//가열양념육,적합하여야 한다,0,<=,<=,0,8800,
218826,대장균군,축산,가열양념육,축산물/식육가공품 및 포장육/공통사항//가열양념육,n=5, c=2, m=10, M=100 (다만, 비가열식육가공품은 제외한다),0,<=,<=,2,8800,
218827,리스테리아모노사이토제네스,축산,가열양념육,축산물/식육가공품 및 포장육/공통사항//가열양념육,음성이어야 한다 (단, 가열제품및 비가열제품중 직접섭취제품에 한한다),0,<=,<=,0,11000,
218828,살모넬라,축산,가열양념육,축산물/식육가공품 및 포장육/공통사항//가열양념육,음성이어야 한다 (단, 가열제품및 비가열제품중 직접섭취제품에 한한다),0,<=,<=,0,11000,
218829,대장균 O157:H7,축산,가열양념육,축산물/식육가공품 및 포장육/공통사항//가열양념육,음성이어야 한다,0,<=,<=,0,14300,
270824,리스테리아모노사이토제네스,축산,가열양념육,축산물/식육가공품 및 포장육/공통사항//가열양념육,n=5, c=0, m=0/25g (단, 가열제품및 비가열제품중 직접섭취제품에 한한다),0,<=,<=,0,11000,
270825,살모넬라,축산,가열양념육,축산물/식육가공품 및 포장육/공통사항//가열양념육,n=5, c=0, m=0/25g (단, 가열제품및 비가열제품중 직접섭취제품에 한한다),0,<=,<=,0,11000,
218830,성상,축산,천연케이싱,축산물/식육가공품 및 포장육/공통사항//천연케이싱,고유의 색택을 가지고 이미,이취가 없어야 한다,0,<=,<=,0,0,
218831,아질산이온,축산,천연케이싱,축산물/식육가공품 및 포장육/공통사항//천연케이싱,0.07 이하,,NA,<=,0.07,11000,g/kg
218832,타르색소,축산,천연케이싱,축산물/식육가공품 및 포장육/공통사항//천연케이싱,검출되어서는 아니된다,0,<=,<=,0,16500,
218833,보존료,축산,천연케이싱,축산물/식육가공품 및 포장육/공통사항//천연케이싱,검출되어서는 아니된다,0,<=,<=,0,27500,g/kg
218834,이물,축산,천연케이싱,축산물/식육가공품 및 포장육/공통사항//천연케이싱,적합하여야 한다,0,<=,<=,0,8800,
218835,대장균군,축산,천연케이싱,축산물/식육가공품 및 포장육/공통사항//천연케이싱,n=5, c=2, m=10, M=100 (다만, 비가열식육가공품은 제외한다),0,<=,<=,2,8800,
218836,리스테리아모노사이토제네스,축산,천연케이싱,축산물/식육가공품 및 포장육/공통사항//천연케이싱,음성이어야 한다 (단, 가열제품및 비가열제품중 직접섭취제품에 한한다),0,<=,<=,0,11000,
218837,살모넬라,축산,천연케이싱,축산물/식육가공품 및 포장육/공통사항//천연케이싱,음성이어야 한다 (단, 가열제품및 비가열제품중 직접섭취제품에 한한다),0,<=,<=,0,11000,
218838,대장균 O157:H7,축산,천연케이싱,축산물/식육가공품 및 포장육/공통사항//천연케이싱,음성이어야 한다,0,<=,<=,0,14300,
270828,살모넬라,축산,천연케이싱,축산물/식육가공품 및 포장육/공통사항//천연케이싱,n=5, c=0, m=0/25g (단, 가열제품및 비가열제품중 직접섭취제품에 한한다),0,<=,<=,0,11000,
270829,리스테리아모노사이토제네스,축산,천연케이싱,축산물/식육가공품 및 포장육/공통사항//천연케이싱,n=5, c=0, m=0/25g (단, 가열제품및 비가열제품중 직접섭취제품에 한한다),0,<=,<=,0,11000,
218839,성상,식품,양념육(축산물즉판),식품/축산물즉석판매제조//양념육(축산물즉석판매제품),고유의 색택을 가지고 이미,이취가 없어야 한다,0,<=,<=,0,,
218840,아질산이온,식품,양념육(축산물즉판),식품/축산물즉석판매제조//양념육(축산물즉석판매제품),0.07 이하,,NA,<=,0.07,18700,g/kg
218841,타르색소,식품,양념육(축산물즉판),식품/축산물즉석판매제조//양념육(축산물즉석판매제품),검출되어서는 아니된다,0,<=,<=,0,39600,
218842,보존료,식품,양념육(축산물즉판),식품/축산물즉석판매제조//양념육(축산물즉석판매제품),검출되어서는 아니된다,0,<=,<=,0,52800,g/kg
218843,이물,식품,양념육(축산물즉판),식품/축산물즉석판매제조//양념육(축산물즉석판매제품),적합하여야 한다,0,<=,<=,0,11000,
218844,성상,식품,가열양념육(축산물즉판),식품/축산물즉석판매제조//가열양념육(축산물즉석판매제품),고유의 색택을 가지고 이미,이취가 없어야 한다,0,<=,<=,0,,
218845,아질산이온,식품,가열양념육(축산물즉판),식품/축산물즉석판매제조//가열양념육(축산물즉석판매제품),0.07 이하,,NA,<=,0.07,18700,g/kg
218846,타르색소,식품,가열양념육(축산물즉판),식품/축산물즉석판매제조//가열양념육(축산물즉석판매제품),검출되어서는 아니된다,0,<=,<=,0,39600,
218847,보존료,식품,가열양념육(축산물즉판),식품/축산물즉석판매제조//가열양념육(축산물즉석판매제품),검출되어서는 아니된다,0,<=,<=,0,52800,g/kg
218848,이물,식품,가열양념육(축산물즉판),식품/축산물즉석판매제조//가열양념육(축산물즉석판매제품),적합하여야 한다,0,<=,<=,0,11000,
218849,성상,식품,천연케이싱(축산물즉판),식품/축산물즉석판매제조//천연케이싱(축산물즉석판매제품),고유의 색택을 가지고 이미,이취가 없어야 한다,0,<=,<=,0,,
218850,아질산이온,식품,천연케이싱(축산물즉판),식품/축산물즉석판매제조//천연케이싱(축산물즉석판매제품),0.07 이하,,NA,<=,0.07,18700,g/kg
218851,타르색소,식품,천연케이싱(축산물즉판),식품/축산물즉석판매제조//천연케이싱(축산물즉석판매제품),검출되어서는 아니된다,0,<=,<=,0,39600,
218852,보존료,식품,천연케이싱(축산물즉판),식품/축산물즉석판매제조//천연케이싱(축산물즉석판매제품),검출되어서는 아니된다,0,<=,<=,0,52800,g/kg
218853,이물,식품,천연케이싱(축산물즉판),식품/축산물즉석판매제조//천연케이싱(축산물즉석판매제품),적합하여야 한다,0,<=,<=,0,11000,
213202,성상,축산,분쇄가공육제품(통조림),축산물/식육가공품 및 포장육/공통사항//분쇄가공육제품(통조림),고유의 색택과 향미를 가지고 이미,이취가 없어야 한다,0,<=,<=,0,0,
213203,아질산이온,축산,분쇄가공육제품(통조림),축산물/식육가공품 및 포장육/공통사항//분쇄가공육제품(통조림),0.07 이하,,NA,<=,0.07,11000,g/kg
213204,타르색소,축산,분쇄가공육제품(통조림),축산물/식육가공품 및 포장육/공통사항//분쇄가공육제품(통조림),검출되어서는 아니된다,0,<=,<=,0,16500,
213205,보존료,축산,분쇄가공육제품(통조림),축산물/식육가공품 및 포장육/공통사항//분쇄가공육제품(통조림),검출되어서는 아니된다,0,<=,<=,0,27500,g/kg
213208,대장균 O157:H7,축산,분쇄가공육제품(통조림),축산물/식육가공품 및 포장육/공통사항//분쇄가공육제품(통조림),음성이어야 한다,0,<=,<=,0,14300,
213209,주석,축산,분쇄가공육제품(통조림),축산물/식육가공품 및 포장육/공통사항//분쇄가공육제품(통조림),150 이하,,NA,<=,150,13200,mg/kg
213210,납,축산,분쇄가공육제품(통조림),축산물/식육가공품 및 포장육/공통사항//분쇄가공육제품(통조림),0.3 이하,,NA,<=,0.3,25300,mg/kg
213211,세균,축산,분쇄가공육제품(통조림),축산물/식육가공품 및 포장육/공통사항//분쇄가공육제품(통조림),세균발육이 음성이어야 한다 (다만, 멸균제품에 한한다),0,<=,<=,0,6600,
213224,대장균군,축산,분쇄가공육제품(통조림),축산물/식육가공품 및 포장육/공통사항//분쇄가공육제품(통조림),n=5, c=2, m=10, M=100 (다만, 비가열식육가공품은 제외한다),0,<=,<=,2,8800,
213227,살모넬라균,축산,분쇄가공육제품(통조림),축산물/식육가공품 및 포장육/공통사항//분쇄가공육제품(통조림),음성이어야 한다 (단, 가열제품및 비가열제품중 직접섭취제품에 한한다),0,<=,<=,0,11000,
213228,리스테리아모노사이토제네스,축산,분쇄가공육제품(통조림),축산물/식육가공품 및 포장육/공통사항//분쇄가공육제품(통조림),음성이어야 한다 (단, 가열제품및 비가열제품중 직접섭취제품에 한한다),0,<=,<=,0,11000,
270800,살모넬라,축산,분쇄가공육제품(통조림),축산물/식육가공품 및 포장육/공통사항//분쇄가공육제품(통조림),n=5, c=0, m=0/25g (단, 가열제품및 비가열제품중 직접섭취제품에 한한다),0,<=,<=,0,11000,
270801,리스테리아모노사이토제네스,축산,분쇄가공육제품(통조림),축산물/식육가공품 및 포장육/공통사항//분쇄가공육제품(통조림),n=5, c=0, m=0/25g (단, 가열제품및 비가열제품중 직접섭취제품에 한한다),0,<=,<=,0,11000,
213212,성상,축산,혼합프레스햄(멸균제품),축산물/식육가공품 및 포장육/공통사항//분쇄가공육제품/혼합프레스햄(멸균제품),고유의 색택을 가지고 이미,이취가 없어야 한다,0,<=,<=,0,0,
213213,아질산이온,축산,혼합프레스햄(멸균제품),축산물/식육가공품 및 포장육/공통사항//분쇄가공육제품/혼합프레스햄(멸균제품),0.07 이하,,NA,<=,0.07,11000,g/kg
213214,타르색소,축산,혼합프레스햄(멸균제품),축산물/식육가공품 및 포장육/공통사항//분쇄가공육제품/혼합프레스햄(멸균제품),검출되어서는 아니된다,0,<=,<=,0,16500,
213215,보존료,축산,혼합프레스햄(멸균제품),축산물/식육가공품 및 포장육/공통사항//분쇄가공육제품/혼합프레스햄(멸균제품),2.0 이하 (소르빈산으로서, 단 정하는 것 이외의 보존료가 검출되어서는 아니된다),,NA,<=,2,27500,g/kg
213216,살모넬라균,축산,혼합프레스햄(멸균제품),축산물/식육가공품 및 포장육/공통사항//분쇄가공육제품/혼합프레스햄(멸균제품),음성이어야 한다 (단, 가열제품및 비가열제품중 직접섭취제품에 한한다),0,<=,<=,0,11000,
213217,리스테리아모노사이토제네스,축산,혼합프레스햄(멸균제품),축산물/식육가공품 및 포장육/공통사항//분쇄가공육제품/혼합프레스햄(멸균제품),음성이어야 한다 (단, 가열제품및 비가열제품중 직접섭취제품에 한한다),0,<=,<=,0,11000,
213218,주석,축산,혼합프레스햄(멸균제품),축산물/식육가공품 및 포장육/공통사항//분쇄가공육제품/혼합프레스햄(멸균제품),150 이하,,NA,<=,150,13200,mg/kg
213219,납,축산,혼합프레스햄(멸균제품),축산물/식육가공품 및 포장육/공통사항//분쇄가공육제품/혼합프레스햄(멸균제품),0.3 이하,,NA,<=,0.3,25300,mg/kg
213220,세균,축산,혼합프레스햄(멸균제품),축산물/식육가공품 및 포장육/공통사항//분쇄가공육제품/혼합프레스햄(멸균제품),세균발육이 음성이어야 한다 (다만, 멸균제품에 한한다),0,<=,<=,0,6600,
213222,대장균군,축산,혼합프레스햄(멸균제품),축산물/식육가공품 및 포장육/공통사항//분쇄가공육제품/혼합프레스햄(멸균제품),n=5, c=2, m=10, M=100 (다만, 비가열식육가공품은 제외한다),0,<=,<=,2,8800,
216726,진공도,축산,혼합프레스햄(멸균제품),축산물/식육가공품 및 포장육/공통사항//분쇄가공육제품/혼합프레스햄(멸균제품),적당한 진공도를 가져야 한다 (다만, 알루미늄 재질로 원터치캔의 경우는 제외한다),0,<=,<=,0,7700,cmHg
217385,고형량,축산,혼합프레스햄(멸균제품),축산물/식육가공품 및 포장육/공통사항//분쇄가공육제품/혼합프레스햄(멸균제품),표시량 이상이어야 한다,,NA,NA,,16500,
217386,내용량,축산,혼합프레스햄(멸균제품),축산물/식육가공품 및 포장육/공통사항//분쇄가공육제품/혼합프레스햄(멸균제품),표시량 이상이어야 한다,,NA,NA,,0,
270830,리스테리아모노사이토제네스,축산,혼합프레스햄(멸균제품),축산물/식육가공품 및 포장육/공통사항//분쇄가공육제품/혼합프레스햄(멸균제품),n=5, c=0, m=0/25g (단, 가열제품및 비가열제품중 직접섭취제품에 한한다),0,<=,<=,0,11000,
270831,살모넬라,축산,혼합프레스햄(멸균제품),축산물/식육가공품 및 포장육/공통사항//분쇄가공육제품/혼합프레스햄(멸균제품),n=5, c=0, m=0/25g (단, 가열제품및 비가열제품중 직접섭취제품에 한한다),0,<=,<=,0,11000,
218401,1,1,1-트리클로로에탄,수질,지하수-HACCP인증(생활),,0.15 mg/L이하,,NA,<=,0.15,13900,㎎/L
218402,6가크롬,수질,지하수-HACCP인증(생활),,0.05 mg/L이하,,NA,<=,0.05,6900,㎎/L
218403,납,수질,지하수-HACCP인증(생활),,0.1 mg/L이하,,NA,<=,0.1,6900,㎎/L
218404,벤젠,수질,지하수-HACCP인증(생활),,0.015 mg/L이하,,NA,<=,0.015,13600,㎎/L
218405,비소,수질,지하수-HACCP인증(생활),,0.05 mg/L이하,,NA,<=,0.05,13900,㎎/L
218406,수소이온농도,수질,지하수-HACCP인증(생활),,5.8~8.5,5.8,<=,<=,8.5,800,
218407,수은,수질,지하수-HACCP인증(생활),,0.001 mg/L 이하,,NA,<=,0.001,10600,㎎/L
218408,시안,수질,지하수-HACCP인증(생활),,0.01 mg/L이하,,NA,<=,0.01,13100,㎎/L
218409,에틸벤젠,수질,지하수-HACCP인증(생활),,0.45 mg/L이하,,NA,<=,0.45,13600,㎎/L
218410,염소이온,수질,지하수-HACCP인증(생활),,250 mg/L이하,,NA,<=,250,2900,㎎/L
218411,유기인,수질,지하수-HACCP인증(생활),,0.0005 mg/L 이하,,NA,<=,0.0005,20300,㎎/L
218412,질산성질소,수질,지하수-HACCP인증(생활),,20 mg/L이하,,NA,<=,20,5400,㎎/L
218413,총대장균군,수질,지하수-HACCP인증(생활),,5,000 이하(군수/100mL),,NA,<=,5000,14800,/100mL
218414,카드뮴,수질,지하수-HACCP인증(생활),,0.01 mg/L이하,,NA,<=,0.01,6900,㎎/L
218415,크실렌,수질,지하수-HACCP인증(생활),,0.75 mg/L이하,,NA,<=,0.75,13600,㎎/L
218416,테트라클로로에틸렌,수질,지하수-HACCP인증(생활),,0.01 mg/L이하,,NA,<=,0.01,13900,㎎/L
218417,톨루엔,수질,지하수-HACCP인증(생활),,1.0 mg/L이하,,NA,<=,1,13600,㎎/L
218418,트리클로로에틸렌,수질,지하수-HACCP인증(생활),,0.03 mg/L이하,,NA,<=,0.03,13900,㎎/L
218419,페놀,수질,지하수-HACCP인증(생활),,0.005 mg/L이하,,NA,<=,0.005,7800,㎎/L
식품,두부류또는묵류,식품/두부류또는묵류/,,,,,,,
식품,축산물즉석판매제조(신),식품//축산물즉석판매제조(신),,,,,,,
232497,살모넬라,식품,갈비가공품(축산물즉석판매제품),식품/축산물즉석판매제조//갈비가공품(축산물즉석판매제품),음성이어야 한다 (단, 가열제품및 비가열제품중 직접섭취제품에 한한다),0,<=,<=,0,25300,
232498,성상,식품,갈비가공품(축산물즉석판매제품),식품/축산물즉석판매제조//갈비가공품(축산물즉석판매제품),고유의 색택을 가지고 이미,이취가 없어야 한다,0,<=,<=,0,,
232499,타르색소,식품,갈비가공품(축산물즉석판매제품),식품/축산물즉석판매제조//갈비가공품(축산물즉석판매제품),검출되어서는 아니된다,0,<=,<=,0,39600,
232500,리스테리아모노사이토제네스,식품,갈비가공품(축산물즉석판매제품),식품/축산물즉석판매제조//갈비가공품(축산물즉석판매제품),음성이어야 한다 (단, 가열제품및 비가열제품중 직접섭취제품에 한한다),0,<=,<=,0,27500,
232501,대장균군,식품,갈비가공품(축산물즉석판매제품),식품/축산물즉석판매제조//갈비가공품(축산물즉석판매제품),n=5, c=2, m=10, M=100 (다만, 비가열식육가공품은 제외한다),0,<=,<=,2,27500,
232502,아질산이온,식품,갈비가공품(축산물즉석판매제품),식품/축산물즉석판매제조//갈비가공품(축산물즉석판매제품),0.07 이하,,NA,<=,0.07,18700,g/kg
232503,보존료,식품,갈비가공품(축산물즉석판매제품),식품/축산물즉석판매제조//갈비가공품(축산물즉석판매제품),검출되어서는 아니된다,0,<=,<=,0,52800,g/kg
232504,보존료,식품,건조저장육류(멸균제품)(축산물즉석판매제품),식품/축산물즉석판매제조//건조저장육류(멸균제품)(축산물즉석판매제품),2.0 이하 (소르빈산으로서, 단 정하는 것 이외의 보존료가 검출되어서는 아니된다),,NA,<=,2,52800,g/kg
232505,성상,식품,건조저장육류(멸균제품)(축산물즉석판매제품),식품/축산물즉석판매제조//건조저장육류(멸균제품)(축산물즉석판매제품),고유의 색택을 가지고 이미,이취가 없어야 한다,0,<=,<=,0,,
232506,아질산이온,식품,건조저장육류(멸균제품)(축산물즉석판매제품),식품/축산물즉석판매제조//건조저장육류(멸균제품)(축산물즉석판매제품),0.07 이하,,NA,<=,0.07,18700,g/kg
232507,타르색소,식품,건조저장육류(멸균제품)(축산물즉석판매제품),식품/축산물즉석판매제조//건조저장육류(멸균제품)(축산물즉석판매제품),검출되어서는 아니된다,0,<=,<=,0,39600,
232508,세균수,식품,건조저장육류(멸균제품)(축산물즉석판매제품),식품/축산물즉석판매제조//건조저장육류(멸균제품)(축산물즉석판매제품),음성이어야 한다,0,<=,<=,0,18700,
232509,대장균군,식품,건조저장육류(축산물즉석판매제품),식품/축산물즉석판매제조//건조저장육류(축산물즉석판매제품),n=5, c=2, m=10, M=100 (다만, 비가열식육가공품은 제외한다),0,<=,<=,2,27500,
232510,리스테리아모노사이토제네스,식품,건조저장육류(축산물즉석판매제품),식품/축산물즉석판매제조//건조저장육류(축산물즉석판매제품),음성이어야 한다 (단, 가열제품및 비가열제품중 직접섭취제품에 한한다),0,<=,<=,0,27500,
232511,살모넬라,식품,건조저장육류(축산물즉석판매제품),식품/축산물즉석판매제조//건조저장육류(축산물즉석판매제품),음성이어야 한다 (단, 가열제품및 비가열제품중 직접섭취제품에 한한다),0,<=,<=,0,25300,
232512,보존료,식품,건조저장육류(축산물즉석판매제품),식품/축산물즉석판매제조//건조저장육류(축산물즉석판매제품),2.0 이하 (소르빈산으로서, 단 정하는 것 이외의 보존료가 검출되어서는 아니된다),,NA,<=,2,52800,g/kg
232513,성상,식품,건조저장육류(축산물즉석판매제품),식품/축산물즉석판매제조//건조저장육류(축산물즉석판매제품),고유의 색택을 가지고 이미,이취가 없어야 한다,0,<=,<=,0,,
232514,타르색소,식품,건조저장육류(축산물즉석판매제품),식품/축산물즉석판매제조//건조저장육류(축산물즉석판매제품),검출되어서는 아니된다,0,<=,<=,0,39600,
232515,아질산이온,식품,건조저장육류(축산물즉석판매제품),식품/축산물즉석판매제조//건조저장육류(축산물즉석판매제품),0.07 이하,,NA,<=,0.07,18700,g/kg
232548,유산균수,식품,아이스밀크(축산물즉석판매제품),축산물/유가공품/아이스크림류//아이스밀크(축산물즉석판매제품),표시량(mL 당 100) 이상 (단, 유산균함유제품에 한한다),100,<=,NA,,14300,CFU/mL
232549,세균수,식품,아이스밀크(축산물즉석판매제품),축산물/유가공품/아이스크림류//아이스밀크(축산물즉석판매제품),검사시료를 녹인 액체1mL당 50,000 이하 (단, 유산균 함유제품, 발효유 함유제품의 경우 유산균수는 제외),,NA,<=,50000,18700,CFU/mL
232550,살모넬라균,식품,아이스밀크(축산물즉석판매제품),축산물/유가공품/아이스크림류//아이스밀크(축산물즉석판매제품),음성이어야 한다,0,<=,<=,0,25300,
232551,대장균군,식품,아이스밀크(축산물즉석판매제품),축산물/유가공품/아이스크림류//아이스밀크(축산물즉석판매제품),1mL당 10 이하,,NA,<=,10,27500,CFU/mL
232552,리스테리아모노사이토제네스,식품,아이스밀크(축산물즉석판매제품),축산물/유가공품/아이스크림류//아이스밀크(축산물즉석판매제품),음성이어야 한다,0,<=,<=,0,27500,
232553,유지방,식품,아이스밀크(축산물즉석판매제품),축산물/유가공품/아이스크림류//아이스밀크(축산물즉석판매제품),2.0 이상,2,<=,NA,,22000,%
232554,성상,식품,아이스밀크(축산물즉석판매제품),축산물/유가공품/아이스크림류//아이스밀크(축산물즉석판매제품),고유의 향미를 가지고 이미,이취가 없어야 한다,0,<=,<=,0,0,
271738,살모넬라,식품,아이스밀크(축산물즉석판매제품),축산물/유가공품/아이스크림류//아이스밀크(축산물즉석판매제품),n=5, c=0, m=0/25g (단, 가열제품및 비가열제품중 직접섭취제품에 한한다),0,<=,<=,0,25300,
271739,리스테리아모노사이토제네스,식품,아이스밀크(축산물즉석판매제품),축산물/유가공품/아이스크림류//아이스밀크(축산물즉석판매제품),n=5, c=0, m=0/25g (단, 가열제품및 비가열제품중 직접섭취제품에 한한다),0,<=,<=,0,27500,
232560,이물,식품,천연케이싱(축산물즉석판매제품),식품/축산물즉석판매제조//천연케이싱(축산물즉석판매제품),적합하여야 한다,0,<=,<=,0,11000,
232561,타르색소,식품,천연케이싱(축산물즉석판매제품),식품/축산물즉석판매제조//천연케이싱(축산물즉석판매제품),검출되어서는 아니된다,0,<=,<=,0,39600,
232562,아질산이온,식품,천연케이싱(축산물즉석판매제품),식품/축산물즉석판매제조//천연케이싱(축산물즉석판매제품),0.07 이하,,NA,<=,0.07,18700,g/kg
232563,보존료,식품,천연케이싱(축산물즉석판매제품),식품/축산물즉석판매제조//천연케이싱(축산물즉석판매제품),검출되어서는 아니된다,0,<=,<=,0,52800,g/kg
232564,성상,식품,천연케이싱(축산물즉석판매제품),식품/축산물즉석판매제조//천연케이싱(축산물즉석판매제품),고유의 색택을 가지고 이미,이취가 없어야 한다,0,<=,<=,0,,
식품,소시지류,식품/축산물즉석판매제조/소시지류/,,,,,,,
232579,대장균군,식품,발효소시지(축산물즉석판매제품),식품/축산물즉석판매제조/소시지류//발효소시지(축산물즉석판매제품),n=5, c=2, m=10, M=100 (다만, 비가열식육가공품은 제외한다),0,<=,<=,2,27500,
232580,보존료,식품,발효소시지(축산물즉석판매제품),식품/축산물즉석판매제조/소시지류//발효소시지(축산물즉석판매제품),2.0 이하 (소르빈산으로서, 단 정하는 것 이외의 보존료가 검출되어서는 아니된다),,NA,<=,2,52800,g/kg
232581,성상,식품,발효소시지(축산물즉석판매제품),식품/축산물즉석판매제조/소시지류//발효소시지(축산물즉석판매제품),고유의 색택을 가지고 이미,이취가 없어야 한다,0,<=,<=,0,0,
232582,리스테리아모노사이토제네스,식품,발효소시지(축산물즉석판매제품),식품/축산물즉석판매제조/소시지류//발효소시지(축산물즉석판매제품),음성이어야 한다,0,<=,<=,0,11000,
232583,살모넬라,식품,발효소시지(축산물즉석판매제품),식품/축산물즉석판매제조/소시지류//발효소시지(축산물즉석판매제품),음성이어야 한다 (단, 가열제품및 비가열제품중 직접섭취제품에 한한다),0,<=,<=,0,25300,
232584,아질산이온,식품,발효소시지(축산물즉석판매제품),식품/축산물즉석판매제조/소시지류//발효소시지(축산물즉석판매제품),0.07 이하,,NA,<=,0.07,18700,g/kg
232585,보존료,식품,소시지(멸균제품)(축산물즉석판매제품),식품/축산물즉석판매제조/소시지류//소시지(멸균제품)(축산물즉석판매제품),2.0 이하 (소르빈산으로서, 단 정하는 것 이외의 보존료가 검출되어서는 아니된다),,NA,<=,2,52800,g/kg
232586,성상,식품,소시지(멸균제품)(축산물즉석판매제품),식품/축산물즉석판매제조/소시지류//소시지(멸균제품)(축산물즉석판매제품),고유의 색택을 가지고 이미,이취가 없어야 한다,0,<=,<=,0,,
232587,아질산이온,식품,소시지(멸균제품)(축산물즉석판매제품),식품/축산물즉석판매제조/소시지류//소시지(멸균제품)(축산물즉석판매제품),0.07 이하,,NA,<=,0.07,18700,g/kg
232588,세균수,식품,소시지(멸균제품)(축산물즉석판매제품),식품/축산물즉석판매제조/소시지류//소시지(멸균제품)(축산물즉석판매제품),음성이어야 한다,0,<=,<=,0,18700,
232589,살모넬라,식품,소시지(축산물즉석판매제품),식품/축산물즉석판매제조/소시지류//소시지(축산물즉석판매제품),음성이어야 한다 (단, 가열제품및 비가열제품중 직접섭취제품에 한한다),0,<=,<=,0,25300,
232590,리스테리아모노사이토제네스,식품,소시지(축산물즉석판매제품),식품/축산물즉석판매제조/소시지류//소시지(축산물즉석판매제품),음성이어야 한다 (단, 가열제품및 비가열제품중 직접섭취제품에 한한다),0,<=,<=,0,27500,
232591,대장균군,식품,소시지(축산물즉석판매제품),식품/축산물즉석판매제조/소시지류//소시지(축산물즉석판매제품),n=5, c=2, m=10, M=100 (다만, 비가열식육가공품은 제외한다),0,<=,<=,2,27500,
232592,아질산이온,식품,소시지(축산물즉석판매제품),식품/축산물즉석판매제조/소시지류//소시지(축산물즉석판매제품),0.07 이하,,NA,<=,0.07,18700,g/kg
232593,보존료,식품,소시지(축산물즉석판매제품),식품/축산물즉석판매제조/소시지류//소시지(축산물즉석판매제품),2.0 이하 (소르빈산으로서, 단 정하는 것 이외의 보존료가 검출되어서는 아니된다),,NA,<=,2,52800,g/kg
232594,성상,식품,소시지(축산물즉석판매제품),식품/축산물즉석판매제조/소시지류//소시지(축산물즉석판매제품),고유의 색택을 가지고 이미,이취가 없어야 한다,0,<=,<=,0,,
271736,리스테리아모노사이토제네스,식품,소시지(축산물즉석판매제품),식품/축산물즉석판매제조/소시지류//소시지(축산물즉석판매제품),n=5, c=0, m=0/25g (단, 가열제품및 비가열제품중 직접섭취제품에 한한다),0,<=,<=,0,27500,
271737,살모넬라,식품,소시지(축산물즉석판매제품),식품/축산물즉석판매제조/소시지류//소시지(축산물즉석판매제품),n=5, c=0, m=0/25g (단, 가열제품및 비가열제품중 직접섭취제품에 한한다),0,<=,<=,0,25300,
232595,보존료,식품,혼합소시지(멸균제품)(축산물즉석판매제품),식품/축산물즉석판매제조/소시지류//혼합소시지(멸균제품)(축산물즉석판매제품),2.0 이하 (소르빈산으로서, 단 정하는 것 이외의 보존료가 검출되어서는 아니된다),,NA,<=,2,52800,g/kg
232596,성상,식품,혼합소시지(멸균제품)(축산물즉석판매제품),식품/축산물즉석판매제조/소시지류//혼합소시지(멸균제품)(축산물즉석판매제품),고유의 색택을 가지고 이미,이취가 없어야 한다,0,<=,<=,0,,
232597,아질산이온,식품,혼합소시지(멸균제품)(축산물즉석판매제품),식품/축산물즉석판매제조/소시지류//혼합소시지(멸균제품)(축산물즉석판매제품),0.07 이하,,NA,<=,0.07,18700,g/kg
232598,세균수,식품,혼합소시지(멸균제품)(축산물즉석판매제품),식품/축산물즉석판매제조/소시지류//혼합소시지(멸균제품)(축산물즉석판매제품),음성이어야 한다,0,<=,<=,0,18700,
232599,대장균군,식품,혼합소시지(축산물즉석판매제품),식품/축산물즉석판매제조/소시지류//혼합소시지(축산물즉석판매제품),n=5, c=2, m=10, M=100 (다만, 비가열식육가공품은 제외한다),0,<=,<=,2,27500,
232600,리스테리아모노사이토제네스,식품,혼합소시지(축산물즉석판매제품),식품/축산물즉석판매제조/소시지류//혼합소시지(축산물즉석판매제품),음성이어야 한다 (단, 가열제품및 비가열제품중 직접섭취제품에 한한다),0,<=,<=,0,27500,
232601,살모넬라,식품,혼합소시지(축산물즉석판매제품),식품/축산물즉석판매제조/소시지류//혼합소시지(축산물즉석판매제품),음성이어야 한다 (단, 가열제품및 비가열제품중 직접섭취제품에 한한다),0,<=,<=,0,25300,
232602,보존료,식품,혼합소시지(축산물즉석판매제품),식품/축산물즉석판매제조/소시지류//혼합소시지(축산물즉석판매제품),2.0 이하 (소르빈산으로서, 단 정하는 것 이외의 보존료가 검출되어서는 아니된다),,NA,<=,2,52800,g/kg
232603,성상,식품,혼합소시지(축산물즉석판매제품),식품/축산물즉석판매제조/소시지류//혼합소시지(축산물즉석판매제품),고유의 색택을 가지고 이미,이취가 없어야 한다,0,<=,<=,0,,
232604,아질산이온,식품,혼합소시지(축산물즉석판매제품),식품/축산물즉석판매제조/소시지류//혼합소시지(축산물즉석판매제품),0.07 이하,,NA,<=,0.07,18700,g/kg
231550,일반세균,수질,마을상수도_복류수(일부항),,100 CFU/mL 이하,,NA,<=,100,5300,CFU/mL
231551,경도,수질,마을상수도_복류수(일부항),,300 mg/L이하,,NA,<=,300,2400,㎎/L
231552,과망간산칼륨소비량,수질,마을상수도_복류수(일부항),,10 mg/L이하,,NA,<=,10,2800,㎎/L
231553,냄새,수질,마을상수도_복류수(일부항),,없음,0,<=,<=,0,600,
231554,맛,수질,마을상수도_복류수(일부항),,없음,0,<=,<=,0,300,
231555,색도,수질,마을상수도_복류수(일부항),,5 도이하,,NA,<=,5,2600,도
231556,수소이온농도,수질,마을상수도_복류수(일부항),,5.8~8.5,5.8,<=,<=,8.5,300,
231557,유리잔류염소,수질,마을상수도_복류수(일부항),,4.0 mg/L이하,,NA,<=,4,3700,㎎/L
231558,탁도,수질,마을상수도_복류수(일부항),,0.5 NTU이하,,NA,<=,0.5,400,NTU
231559,증발잔류물,수질,마을상수도_복류수(일부항),,500 mg/L이하,,NA,<=,500,2900,㎎/L
231560,세제(음이온계면활성제),수질,마을상수도_복류수(일부항),,0.5 mg/L이하,,NA,<=,0.5,9200,㎎/L
231561,페놀,수질,마을상수도_복류수(일부항),,0.005 mg/L이하,,NA,<=,0.005,9300,㎎/L
231562,시안,수질,마을상수도_복류수(일부항),,0.01 mg/L이하,,NA,<=,0.01,11300,㎎/L
231563,암모니아성질소,수질,마을상수도_복류수(일부항),,0.5 mg/L이하,,NA,<=,0.5,2300,㎎/L
231564,동,수질,마을상수도_복류수(일부항),,1 mg/L이하,,NA,<=,1,6100,㎎/L
231565,보론,수질,마을상수도_복류수(일부항),,1.0 mg/L이하,,NA,<=,1,3100,㎎/L
231566,세레늄,수질,마을상수도_복류수(일부항),,0.01 mg/L이하,,NA,<=,0.01,6600,㎎/L
231567,수은,수질,마을상수도_복류수(일부항),,0.001 mg/L 이하,,NA,<=,0.001,6600,㎎/L
231568,아연,수질,마을상수도_복류수(일부항),,3 mg/L이하,,NA,<=,3,6100,㎎/L
231569,알루미늄,수질,마을상수도_복류수(일부항),,0.2 mg/L이하,,NA,<=,0.2,6100,㎎/L
231570,철,수질,마을상수도_복류수(일부항),,0.3 mg/L이하,,NA,<=,0.3,6100,㎎/L
231571,카드뮴,수질,마을상수도_복류수(일부항),,0.005 mg/L이하,,NA,<=,0.005,6100,㎎/L
231572,납,수질,마을상수도_복류수(일부항),,0.01 mg/L이하,,NA,<=,0.01,6100,㎎/L
231573,망간,수질,마을상수도_복류수(일부항),,0.05 mg/L이하,,NA,<=,0.05,6100,㎎/L
231574,비소,수질,마을상수도_복류수(일부항),,0.01 mg/L이하,,NA,<=,0.0106,7700,㎎/L
231575,크롬,수질,마을상수도_복류수(일부항),,0.05 mg/L이하,0,<=,<=,0.05,3900,㎎/L
231576,불소,수질,마을상수도_복류수(일부항),,1.5 mg/L이하,,NA,<=,1.5,9300,㎎/L
231577,염소이온,수질,마을상수도_복류수(일부항),,250 mg/L이하,,NA,<=,250,3900,㎎/L
231578,질산성질소,수질,마을상수도_복류수(일부항),,10 mg/L이하,,NA,<=,10,7200,㎎/L
231579,황산이온,수질,마을상수도_복류수(일부항),,200 mg/L이하,,NA,<=,200,11800,㎎/L
231580,다이아지논,수질,마을상수도_복류수(일부항),,0.02 mg/L이하,,NA,<=,0.02,15600,㎎/L
231581,파라티온,수질,마을상수도_복류수(일부항),,0.06 mg/L이하,,NA,<=,0.06,15600,㎎/L
231582,페니트로티온,수질,마을상수도_복류수(일부항),,0.04 mg/L이하,,NA,<=,0.04,15600,㎎/L
231583,카바릴,수질,마을상수도_복류수(일부항),,0.07 mg/L이하,,NA,<=,0.07,15700,㎎/L
231584,디브로모아세토니트릴,수질,마을상수도_복류수(일부항),,0.1 mg/L이하,,NA,<=,0.1,21400,㎎/L
231585,디클로로아세토니트릴,수질,마을상수도_복류수(일부항),,0.09 mg/L이하,,NA,<=,0.09,21400,㎎/L
231586,클로랄하이드레이트,수질,마을상수도_복류수(일부항),,0.03 mg/L이하,,NA,<=,0.03,21400,㎎/L
231587,트리클로로아세토니트릴,수질,마을상수도_복류수(일부항),,0.004 mg/L이하,,NA,<=,0.004,21400,㎎/L
231588,할로아세틱에시드,수질,마을상수도_복류수(일부항),,0.1 mg/L이하,,NA,<=,0.1,29200,㎎/L
231589,총대장균군,수질,마을상수도_복류수(일부항),,불검출/100 mL,0,<=,<=,0,8800,/100 mL
231590,분원성대장균군,수질,마을상수도_복류수(일부항),,불검출/100 mL,0,<=,<=,0,8400,/100 mL
231591,1,4-다이옥산,수질,마을상수도_복류수(일부항),,0.05 mg/L이하,0,<=,<=,0.05,19600,㎎/L
231592,디클로로메탄,수질,마을상수도_복류수(일부항),,0.02 mg/L이하,,NA,<=,0.02,13600,㎎/L
231593,벤젠,수질,마을상수도_복류수(일부항),,0.01 mg/L이하,,NA,<=,0.01,13600,㎎/L
231594,에틸벤젠,수질,마을상수도_복류수(일부항),,0.3 mg/L이하,,NA,<=,0.3,13600,㎎/L
231595,크실렌,수질,마을상수도_복류수(일부항),,0.5 mg/L이하,,NA,<=,0.5,13600,㎎/L
147526,디브로모아세토니트릴,수질,소규모수도시설(정수),1061700000,0.1 mg/L이하,,NA,<=,0.1,21400,㎎/L
147527,디브로모클로로메탄,수질,소규모수도시설(정수),1061700000,0.1 mg/L이하,,NA,<=,0.1,19600,㎎/L
147528,디클로로메탄,수질,소규모수도시설(정수),1061700000,0.02 mg/L이하,,NA,<=,0.02,13600,㎎/L
147529,디클로로아세토니트릴,수질,소규모수도시설(정수),1061700000,0.09 mg/L이하,,NA,<=,0.09,21400,㎎/L
147530,맛,수질,소규모수도시설(정수),1061700000,없음,0,<=,<=,0,300,
147531,망간,수질,소규모수도시설(정수),1061700000,0.3 mg/L이하,,NA,<=,0.3,6100,㎎/L
147532,벤젠,수질,소규모수도시설(정수),1061700000,0.01 mg/L이하,,NA,<=,0.01,13600,㎎/L
147533,보론,수질,소규모수도시설(정수),1061700000,1.0 mg/L이하,,NA,<=,1,3100,㎎/L
147534,분원성대장균군,수질,소규모수도시설(정수),1061700000,불검출/100 mL,0,<=,<=,0,8400,/100 mL
147535,불소,수질,소규모수도시설(정수),1061700000,1.5 mg/L이하,,NA,<=,1.5,9300,㎎/L
147536,브로모디클로로메탄,수질,소규모수도시설(정수),1061700000,0.03 mg/L이하,,NA,<=,0.03,19600,㎎/L
147537,비소,수질,소규모수도시설(정수),1061700000,0.05 mg/L이하,,NA,<=,0.05,7700,㎎/L
147538,사염화탄소,수질,소규모수도시설(정수),1061700000,0.002 mg/L이하,,NA,<=,0.002,13600,㎎/L
147539,색도,수질,소규모수도시설(정수),1061700000,5 도이하,,NA,<=,5,2600,도
147540,세레늄,수질,소규모수도시설(정수),1061700000,0.01 mg/L이하,,NA,<=,0.01,6600,㎎/L
147541,세제(음이온계면활성제),수질,소규모수도시설(정수),1061700000,0.5 mg/L이하,,NA,<=,0.5,9200,㎎/L
147542,수소이온농도,수질,소규모수도시설(정수),1061700000,5.8~8.5,5.8,<=,<=,8.5,300,
147543,수은,수질,소규모수도시설(정수),1061700000,0.001 mg/L 이하,,NA,<=,0.001,6600,㎎/L
147544,시안,수질,소규모수도시설(정수),1061700000,0.01 mg/L이하,,NA,<=,0.01,11300,㎎/L
147545,아연,수질,소규모수도시설(정수),1061700000,3 mg/L이하,,NA,<=,3,6100,㎎/L
147546,알루미늄,수질,소규모수도시설(정수),1061700000,0.2 mg/L이하,,NA,<=,0.2,6100,㎎/L
147547,암모니아성질소,수질,소규모수도시설(정수),1061700000,0.5 mg/L이하,,NA,<=,0.5,2300,㎎/L
147548,에틸벤젠,수질,소규모수도시설(정수),1061700000,0.3 mg/L이하,,NA,<=,0.3,13600,㎎/L
147549,염소이온,수질,소규모수도시설(정수),1061700000,250 mg/L이하,,NA,<=,250,3900,㎎/L
147550,유리잔류염소,수질,소규모수도시설(정수),1061700000,0.1~4.0 mg/L이하,0.1,<=,<=,4,3700,㎎/L
147551,일반세균,수질,소규모수도시설(정수),1061700000,100 CFU/mL 이하,,NA,<=,100,5300,CFU/mL
147552,증발잔류물,수질,소규모수도시설(정수),1061700000,500 mg/L이하,,NA,<=,500,2900,㎎/L
147553,질산성질소,수질,소규모수도시설(정수),1061700000,10 mg/L이하,,NA,<=,10,7200,㎎/L
147554,철,수질,소규모수도시설(정수),1061700000,0.3 mg/L이하,,NA,<=,0.3,6100,㎎/L
147555,총대장균군,수질,소규모수도시설(정수),1061700000,불검출/100 mL,0,<=,<=,0,8800,/100 mL
147556,총트리할로메탄,수질,소규모수도시설(정수),1061700000,0.1 mg/L이하,,NA,<=,0.1,19600,㎎/L
147557,카드뮴,수질,소규모수도시설(정수),1061700000,0.005 mg/L이하,,NA,<=,0.005,6100,㎎/L
147558,카바릴,수질,소규모수도시설(정수),1061700000,0.07 mg/L이하,,NA,<=,0.07,15700,㎎/L
147559,크실렌,수질,소규모수도시설(정수),1061700000,0.5 mg/L이하,,NA,<=,0.5,13600,㎎/L
147560,클로랄하이드레이트,수질,소규모수도시설(정수),1061700000,0.03 mg/L이하,,NA,<=,0.03,21400,㎎/L
147561,클로로포름,수질,소규모수도시설(정수),1061700000,0.08 mg/L이하,,NA,<=,0.08,19600,㎎/L
147562,탁도,수질,소규모수도시설(정수),1061700000,0.5 NTU이하,,NA,<=,0.5,400,NTU
147563,테트라클로로에틸렌,수질,소규모수도시설(정수),1061700000,0.01 mg/L이하,,NA,<=,0.01,19600,㎎/L
147564,톨루엔,수질,소규모수도시설(정수),1061700000,0.7 mg/L이하,,NA,<=,0.7,13600,㎎/L
147565,트리클로로아세토니트릴,수질,소규모수도시설(정수),1061700000,0.004 mg/L이하,,NA,<=,0.004,21400,㎎/L
147566,트리클로로에틸렌,수질,소규모수도시설(정수),1061700000,0.03 mg/L이하,,NA,<=,0.03,19600,㎎/L
147567,파라티온,수질,소규모수도시설(정수),1061700000,0.06 mg/L이하,,NA,<=,0.06,15600,㎎/L
147568,페놀,수질,소규모수도시설(정수),1061700000,0.005 mg/L이하,,NA,<=,0.005,9300,㎎/L
147569,페니트로티온,수질,소규모수도시설(정수),1061700000,0.04 mg/L이하,,NA,<=,0.04,15600,㎎/L
147570,할로아세틱에시드,수질,소규모수도시설(정수),1061700000,0.1 mg/L이하,,NA,<=,0.1,29200,㎎/L
147571,황산이온,수질,소규모수도시설(정수),1061700000,200 mg/L이하,,NA,<=,200,11800,㎎/L
149627,분원성대장균/대장균,수질,소규모수도시설(정수),1061700000,불검출/100 mL,0,<=,<=,0,8400,/100 mL
149780,1,4-다이옥산,수질,소규모수도시설(정수),1061700000,0.05 mg/L이하,0,<=,<=,0.05,19600,㎎/L
149781,납,수질,소규모수도시설(정수),1061700000,0.01 mg/L이하,,NA,<=,0.01,6100,㎎/L
149782,망간,수질,소규모수도시설(정수),1061700000,0.05 mg/L이하,,NA,<=,0.05,6100,㎎/L
149783,비소,수질,소규모수도시설(정수),1061700000,0.01 mg/L이하,,NA,<=,0.0106,7700,㎎/L
149784,크롬,수질,소규모수도시설(정수),1061700000,0.05 mg/L이하,0,<=,<=,0.05,3900,㎎/L
151878,브로모포름,수질,소규모수도시설(정수),1061700000,-,0,<=,NA,,0,
147572,6가크롬,수질,소규모수도시설(원수),,0.05 mg/L이하,,NA,<=,0.05,3900,㎎/L
147573,납,수질,소규모수도시설(원수),,0.05 mg/L이하,,NA,<=,0.05,6100,㎎/L
147574,다이아지논,수질,소규모수도시설(원수),,0.02 mg/L이하,,NA,<=,0.02,15600,㎎/L
147575,불소,수질,소규모수도시설(원수),,1.5 mg/L이하,,NA,<=,1.5,9300,㎎/L
147576,비소,수질,소규모수도시설(원수),,0.05 mg/L이하,,NA,<=,0.05,7700,㎎/L
147577,세제(음이온계면활성제),수질,소규모수도시설(원수),,0.5 mg/L이하,,NA,<=,0.5,9200,㎎/L
147578,수은,수질,소규모수도시설(원수),,0.001 mg/L 이하,,NA,<=,0.001,6600,㎎/L
147579,시안,수질,소규모수도시설(원수),,0.01 mg/L이하,,NA,<=,0.01,11300,㎎/L
147580,카드뮴,수질,소규모수도시설(원수),,0.005 mg/L이하,,NA,<=,0.005,6100,㎎/L
147581,파라티온,수질,소규모수도시설(원수),,0.06 mg/L이하,,NA,<=,0.06,0,㎎/L
147582,페니트로티온,수질,소규모수도시설(원수),,0.04 mg/L이하,,NA,<=,0.04,0,㎎/L
147583,대장균,수질,전용상수도(미생물검사),,불검출/100 mL,0,<=,<=,0,6200,/100 mL
147584,분원성대장균군,수질,전용상수도(미생물검사),,불검출/100 mL,0,<=,<=,0,8400,/100 mL
147585,일반세균,수질,전용상수도(미생물검사),,100 CFU/mL 이하,,NA,<=,100,5300,CFU/mL
147586,총대장균군,수질,전용상수도(미생물검사),,불검출/100 mL,0,<=,<=,0,8800,/100 mL
149612,분원성대장균/대장균,수질,전용상수도(미생물검사),,불검출/100 mL,0,<=,<=,0,8400,/100 mL
147587,1,2-디브로모-3-클로로프로판,수질,마을상수도(전항목),,0.003 mg/L이하,,NA,<=,0.003,21400,㎎/L
147588,1,1,1-트리클로로에탄,수질,마을상수도(전항목),,0.1 mg/L이하,,NA,<=,0.1,19600,㎎/L
147589,1,1-디클로로에틸렌,수질,마을상수도(전항목),,0.03 mg/L이하,,NA,<=,0.03,13600,㎎/L
147590,6가크롬,수질,마을상수도(전항목),,0.05 mg/L이하,,NA,<=,0.05,3900,㎎/L
147591,경도,수질,마을상수도(전항목),,1000 mg/L이하,,NA,<=,1000,2400,㎎/L
147592,과망간산칼륨소비량,수질,마을상수도(전항목),,10 mg/L이하,,NA,<=,10,2800,㎎/L
147593,납,수질,마을상수도(전항목),,0.05 mg/L이하,,NA,<=,0.05,6100,㎎/L
147594,냄새,수질,마을상수도(전항목),,없음,0,<=,<=,0,600,
147595,다이아지논,수질,마을상수도(전항목),,0.02 mg/L이하,,NA,<=,0.02,15600,㎎/L
147596,대장균,수질,마을상수도(전항목),,불검출/100 mL,0,<=,<=,0,6200,/100 mL
147597,동,수질,마을상수도(전항목),,1 mg/L이하,,NA,<=,1,6100,㎎/L
147598,디브로모아세토니트릴,수질,마을상수도(전항목),,0.1 mg/L이하,,NA,<=,0.1,21400,㎎/L
147599,디브로모클로로메탄,수질,마을상수도(전항목),,0.1 mg/L이하,,NA,<=,0.1,19600,㎎/L
147600,디클로로메탄,수질,마을상수도(전항목),,0.02 mg/L이하,,NA,<=,0.02,13600,㎎/L
147601,디클로로아세토니트릴,수질,마을상수도(전항목),,0.09 mg/L이하,,NA,<=,0.09,21400,㎎/L
147602,맛,수질,마을상수도(전항목),,없음,0,<=,<=,0,300,
147603,망간,수질,마을상수도(전항목),,0.3 mg/L이하,,NA,<=,0.3,6100,㎎/L
147604,벤젠,수질,마을상수도(전항목),,0.01 mg/L이하,,NA,<=,0.01,13600,㎎/L
147605,보론,수질,마을상수도(전항목),,1.0 mg/L이하,,NA,<=,1,3100,㎎/L
147606,분원성대장균군,수질,마을상수도(전항목),,불검출/100 mL,0,<=,<=,0,8400,/100 mL
147607,불소,수질,마을상수도(전항목),,1.5 mg/L이하,,NA,<=,1.5,9300,㎎/L
147608,브로모디클로로메탄,수질,마을상수도(전항목),,0.03 mg/L이하,,NA,<=,0.03,19600,㎎/L
147609,비소,수질,마을상수도(전항목),,0.05 mg/L이하,,NA,<=,0.05,7700,㎎/L
147610,사염화탄소,수질,마을상수도(전항목),,0.002 mg/L이하,,NA,<=,0.002,13600,㎎/L
147611,색도,수질,마을상수도(전항목),,5 도이하,,NA,<=,5,2600,도
147612,세레늄,수질,마을상수도(전항목),,0.01 mg/L이하,,NA,<=,0.01,6600,㎎/L
147613,세제(음이온계면활성제),수질,마을상수도(전항목),,0.5 mg/L이하,,NA,<=,0.5,9200,㎎/L
147614,수소이온농도,수질,마을상수도(전항목),,5.8~8.5,5.8,<=,<=,8.5,300,
147615,수은,수질,마을상수도(전항목),,0.001 mg/L 이하,,NA,<=,0.001,6600,㎎/L
147616,시안,수질,마을상수도(전항목),,0.01 mg/L이하,,NA,<=,0.01,11300,㎎/L
147617,아연,수질,마을상수도(전항목),,3 mg/L이하,,NA,<=,3,6100,㎎/L
147618,알루미늄,수질,마을상수도(전항목),,0.2 mg/L이하,,NA,<=,0.2,6100,㎎/L
147619,암모니아성질소,수질,마을상수도(전항목),,0.5 mg/L이하,,NA,<=,0.5,2300,㎎/L
147620,에틸벤젠,수질,마을상수도(전항목),,0.3 mg/L이하,,NA,<=,0.3,13600,㎎/L
147621,염소이온,수질,마을상수도(전항목),,250 mg/L이하,,NA,<=,250,3900,㎎/L
147622,유리잔류염소,수질,마을상수도(전항목),,4.0 mg/L이하,,NA,<=,4,3700,㎎/L
147623,일반세균,수질,마을상수도(전항목),,100 CFU/mL 이하,,NA,<=,100,5300,CFU/mL
147624,증발잔류물,수질,마을상수도(전항목),,500 mg/L이하,,NA,<=,500,2900,㎎/L
147625,질산성질소,수질,마을상수도(전항목),,10 mg/L이하,,NA,<=,10,7200,㎎/L
147626,철,수질,마을상수도(전항목),,0.3 mg/L이하,,NA,<=,0.3,6100,㎎/L
147627,총대장균군,수질,마을상수도(전항목),,불검출/100 mL,0,<=,<=,0,8800,/100 mL
147628,총트리할로메탄,수질,마을상수도(전항목),,0.1 mg/L이하,,NA,<=,0.1,19600,㎎/L
147629,카드뮴,수질,마을상수도(전항목),,0.005 mg/L이하,,NA,<=,0.005,6100,㎎/L
147630,카바릴,수질,마을상수도(전항목),,0.07 mg/L이하,,NA,<=,0.07,15700,㎎/L
147631,크실렌,수질,마을상수도(전항목),,0.5 mg/L이하,,NA,<=,0.5,13600,㎎/L
147632,클로랄하이드레이트,수질,마을상수도(전항목),,0.03 mg/L이하,,NA,<=,0.03,21400,㎎/L
147633,클로로포름,수질,마을상수도(전항목),,0.08 mg/L이하,,NA,<=,0.08,19600,㎎/L
147634,탁도,수질,마을상수도(전항목),,0.5 NTU이하,,NA,<=,0.5,400,NTU
147635,테트라클로로에틸렌,수질,마을상수도(전항목),,0.01 mg/L이하,,NA,<=,0.01,0,㎎/L
147636,톨루엔,수질,마을상수도(전항목),,0.7 mg/L이하,,NA,<=,0.7,13600,㎎/L
147637,트리클로로아세토니트릴,수질,마을상수도(전항목),,0.004 mg/L이하,,NA,<=,0.004,21400,㎎/L
147638,트리클로로에틸렌,수질,마을상수도(전항목),,0.03 mg/L이하,,NA,<=,0.03,0,㎎/L
147639,파라티온,수질,마을상수도(전항목),,0.06 mg/L이하,,NA,<=,0.06,15600,㎎/L
147640,페놀,수질,마을상수도(전항목),,0.005 mg/L이하,,NA,<=,0.005,9300,㎎/L
147641,페니트로티온,수질,마을상수도(전항목),,0.04 mg/L이하,,NA,<=,0.04,15600,㎎/L
147642,할로아세틱에시드,수질,마을상수도(전항목),,0.1 mg/L이하,,NA,<=,0.1,29200,㎎/L
147643,황산이온,수질,마을상수도(전항목),,200 mg/L이하,,NA,<=,200,11800,㎎/L
149619,분원성대장균/대장균,수질,마을상수도(전항목),,불검출/100 mL,0,<=,<=,0,8400,/100 mL
149755,1,4-다이옥산,수질,마을상수도(전항목),,0.05 mg/L이하,0,<=,<=,0.05,19600,㎎/L
149756,납,수질,마을상수도(전항목),,0.01 mg/L이하,,NA,<=,0.01,6100,㎎/L
149757,망간,수질,마을상수도(전항목),,0.05 mg/L이하,,NA,<=,0.05,6100,㎎/L
149758,비소,수질,마을상수도(전항목),,0.01 mg/L이하,,NA,<=,0.0106,7700,㎎/L
149759,크롬,수질,마을상수도(전항목),,0.05 mg/L이하,0,<=,<=,0.05,3900,㎎/L
151866,브로모포름,수질,마을상수도(전항목),,-,0,<=,NA,,0,
147644,1,2-디브로모-3-클로로프로판,수질,마을상수도(일부항목),1061000000,0.003 mg/L이하,,NA,<=,0.003,21400,㎎/L
147645,1,1,1-트리클로로에탄,수질,마을상수도(일부항목),1061000000,0.1 mg/L이하,,NA,<=,0.1,19600,㎎/L
147646,1,1-디클로로에틸렌,수질,마을상수도(일부항목),1061000000,0.03 mg/L이하,,NA,<=,0.03,13600,㎎/L
147647,6가크롬,수질,마을상수도(일부항목),1061000000,0.05 mg/L이하,,NA,<=,0.05,3900,㎎/L
147648,경도,수질,마을상수도(일부항목),1061000000,1000 mg/L이하,,NA,<=,1000,2400,㎎/L
147649,과망간산칼륨소비량,수질,마을상수도(일부항목),1061000000,10 mg/L이하,,NA,<=,10,2800,㎎/L
147650,납,수질,마을상수도(일부항목),1061000000,0.05 mg/L이하,,NA,<=,0.05,6100,㎎/L
147651,냄새,수질,마을상수도(일부항목),1061000000,없음,0,<=,<=,0,600,
147652,다이아지논,수질,마을상수도(일부항목),1061000000,0.02 mg/L이하,,NA,<=,0.02,15600,㎎/L
147653,대장균,수질,마을상수도(일부항목),1061000000,불검출/100 mL,0,<=,<=,0,6200,/100 mL
147654,동,수질,마을상수도(일부항목),1061000000,1 mg/L이하,,NA,<=,1,6100,㎎/L
147655,디브로모아세토니트릴,수질,마을상수도(일부항목),1061000000,0.1 mg/L이하,,NA,<=,0.1,21400,㎎/L
147656,디브로모클로로메탄,수질,마을상수도(일부항목),1061000000,0.1 mg/L이하,,NA,<=,0.1,19600,㎎/L
147657,디클로로메탄,수질,마을상수도(일부항목),1061000000,0.02 mg/L이하,,NA,<=,0.02,13600,㎎/L
147658,디클로로아세토니트릴,수질,마을상수도(일부항목),1061000000,0.09 mg/L이하,,NA,<=,0.09,21400,㎎/L
147659,맛,수질,마을상수도(일부항목),1061000000,없음,0,<=,<=,0,300,
147660,망간,수질,마을상수도(일부항목),1061000000,0.3 mg/L이하,,NA,<=,0.3,6100,㎎/L
147661,벤젠,수질,마을상수도(일부항목),1061000000,0.01 mg/L이하,,NA,<=,0.01,13600,㎎/L
147662,보론,수질,마을상수도(일부항목),1061000000,1.0 mg/L이하,,NA,<=,1,3100,㎎/L
147663,분원성대장균군,수질,마을상수도(일부항목),1061000000,불검출/100 mL,0,<=,<=,0,8400,/100 mL
147664,불소,수질,마을상수도(일부항목),1061000000,1.5 mg/L이하,,NA,<=,1.5,9300,㎎/L
147665,브로모디클로로메탄,수질,마을상수도(일부항목),1061000000,0.03 mg/L이하,,NA,<=,0.03,19600,㎎/L
147666,비소,수질,마을상수도(일부항목),1061000000,0.05 mg/L이하,,NA,<=,0.05,7700,㎎/L
147667,사염화탄소,수질,마을상수도(일부항목),1061000000,0.002 mg/L이하,,NA,<=,0.002,13600,㎎/L
147668,색도,수질,마을상수도(일부항목),1061000000,5 도이하,,NA,<=,5,2600,도
147669,세레늄,수질,마을상수도(일부항목),1061000000,0.01 mg/L이하,,NA,<=,0.01,6600,㎎/L
147670,세제(음이온계면활성제),수질,마을상수도(일부항목),1061000000,0.5 mg/L이하,,NA,<=,0.5,9200,㎎/L
147671,수소이온농도,수질,마을상수도(일부항목),1061000000,5.8~8.5,5.8,<=,<=,8.5,300,
147672,수은,수질,마을상수도(일부항목),1061000000,0.001 mg/L 이하,,NA,<=,0.001,6600,㎎/L
147673,시안,수질,마을상수도(일부항목),1061000000,0.01 mg/L이하,,NA,<=,0.01,11300,㎎/L
147674,아연,수질,마을상수도(일부항목),1061000000,3 mg/L이하,,NA,<=,3,6100,㎎/L
147675,알루미늄,수질,마을상수도(일부항목),1061000000,0.2 mg/L이하,,NA,<=,0.2,6100,㎎/L
147676,암모니아성질소,수질,마을상수도(일부항목),1061000000,0.5 mg/L이하,,NA,<=,0.5,2300,㎎/L
147677,에틸벤젠,수질,마을상수도(일부항목),1061000000,0.3 mg/L이하,,NA,<=,0.3,13600,㎎/L
147678,염소이온,수질,마을상수도(일부항목),1061000000,250 mg/L이하,,NA,<=,250,3900,㎎/L
147679,유리잔류염소,수질,마을상수도(일부항목),1061000000,4.0 mg/L이하,,NA,<=,4,3700,㎎/L
147680,일반세균,수질,마을상수도(일부항목),1061000000,100 CFU/mL 이하,,NA,<=,100,5300,CFU/mL
147681,증발잔류물,수질,마을상수도(일부항목),1061000000,500 mg/L이하,,NA,<=,500,2900,㎎/L
147682,질산성질소,수질,마을상수도(일부항목),1061000000,10 mg/L이하,,NA,<=,10,7200,㎎/L
147683,철,수질,마을상수도(일부항목),1061000000,0.3 mg/L이하,,NA,<=,0.3,6100,㎎/L
147684,총대장균군,수질,마을상수도(일부항목),1061000000,불검출/100 mL,0,<=,<=,0,8800,/100 mL
147685,총트리할로메탄,수질,마을상수도(일부항목),1061000000,0.1 mg/L이하,,NA,<=,0.1,19600,㎎/L
147686,카드뮴,수질,마을상수도(일부항목),1061000000,0.005 mg/L이하,,NA,<=,0.005,6100,㎎/L
147687,카바릴,수질,마을상수도(일부항목),1061000000,0.07 mg/L이하,,NA,<=,0.07,15700,㎎/L
147688,크실렌,수질,마을상수도(일부항목),1061000000,0.5 mg/L이하,,NA,<=,0.5,13600,㎎/L
147689,클로랄하이드레이트,수질,마을상수도(일부항목),1061000000,0.03 mg/L이하,,NA,<=,0.03,21400,㎎/L
147690,클로로포름,수질,마을상수도(일부항목),1061000000,0.08 mg/L이하,,NA,<=,0.08,19600,㎎/L
147691,탁도,수질,마을상수도(일부항목),1061000000,0.5 NTU이하,,NA,<=,0.5,400,NTU
147692,테트라클로로에틸렌,수질,마을상수도(일부항목),1061000000,0.01 mg/L이하,,NA,<=,0.01,0,㎎/L
147693,톨루엔,수질,마을상수도(일부항목),1061000000,0.7 mg/L이하,,NA,<=,0.7,13600,㎎/L
147694,트리클로로아세토니트릴,수질,마을상수도(일부항목),1061000000,0.004 mg/L이하,,NA,<=,0.004,21400,㎎/L
147695,트리클로로에틸렌,수질,마을상수도(일부항목),1061000000,0.03 mg/L이하,,NA,<=,0.03,0,㎎/L
147696,파라티온,수질,마을상수도(일부항목),1061000000,0.06 mg/L이하,,NA,<=,0.06,0,㎎/L
147697,페놀,수질,마을상수도(일부항목),1061000000,0.005 mg/L이하,,NA,<=,0.005,9300,㎎/L
147698,페니트로티온,수질,마을상수도(일부항목),1061000000,0.04 mg/L이하,,NA,<=,0.04,0,㎎/L
147699,할로아세틱에시드,수질,마을상수도(일부항목),1061000000,0.1 mg/L이하,,NA,<=,0.1,29200,㎎/L
147700,황산이온,수질,마을상수도(일부항목),1061000000,200 mg/L이하,,NA,<=,200,11800,㎎/L
149621,분원성대장균/대장균,수질,마을상수도(일부항목),1061000000,불검출/100 mL,0,<=,<=,0,8400,/100 mL
149765,1,4-다이옥산,수질,마을상수도(일부항목),1061000000,0.05 mg/L이하,0,<=,<=,0.05,19600,㎎/L
149766,납,수질,마을상수도(일부항목),1061000000,0.01 mg/L이하,,NA,<=,0.01,6100,㎎/L
149767,망간,수질,마을상수도(일부항목),1061000000,0.05 mg/L이하,,NA,<=,0.05,6100,㎎/L
149768,비소,수질,마을상수도(일부항목),1061000000,0.01 mg/L이하,,NA,<=,0.0106,7700,㎎/L
149769,크롬,수질,마을상수도(일부항목),1061000000,0.05 mg/L이하,0,<=,<=,0.05,3900,㎎/L
151879,브로모포름,수질,마을상수도(일부항목),1061000000,-,0,<=,NA,,0,
147701,6가크롬,수질,마을상수도 원수(지하수),,0.05 mg/L이하,,NA,<=,0.05,3900,㎎/L
147702,납,수질,마을상수도 원수(지하수),,0.05 mg/L이하,,NA,<=,0.05,6100,㎎/L
147703,다이아지논,수질,마을상수도 원수(지하수),,0.02 mg/L이하,,NA,<=,0.02,15600,㎎/L
147704,불소,수질,마을상수도 원수(지하수),,1.5 mg/L이하,,NA,<=,1.5,9300,㎎/L
147705,비소,수질,마을상수도 원수(지하수),,0.05 mg/L이하,,NA,<=,0.05,7700,㎎/L
147706,세제(음이온계면활성제),수질,마을상수도 원수(지하수),,0.5 mg/L이하,,NA,<=,0.5,9200,㎎/L
147707,수은,수질,마을상수도 원수(지하수),,0.001 mg/L 이하,,NA,<=,0.001,6600,㎎/L
147708,시안,수질,마을상수도 원수(지하수),,0.01 mg/L이하,,NA,<=,0.01,11300,㎎/L
147709,카드뮴,수질,마을상수도 원수(지하수),,0.005 mg/L이하,,NA,<=,0.005,6100,㎎/L
147710,파라티온,수질,마을상수도 원수(지하수),,0.06 mg/L이하,,NA,<=,0.06,0,㎎/L
147711,페니트로티온,수질,마을상수도 원수(지하수),,0.04 mg/L이하,,NA,<=,0.04,0,㎎/L
147712,6가크롬,수질,소규모급수시설 원수(지하수),,0.05 mg/L이하,,NA,<=,0.05,3900,㎎/L
147713,납,수질,소규모급수시설 원수(지하수),,0.05 mg/L이하,,NA,<=,0.05,6100,㎎/L
147714,다이아지논,수질,소규모급수시설 원수(지하수),,0.02 mg/L이하,,NA,<=,0.02,15600,㎎/L
147715,불소,수질,소규모급수시설 원수(지하수),,1.5 mg/L이하,,NA,<=,1.5,9300,㎎/L
147716,비소,수질,소규모급수시설 원수(지하수),,0.05 mg/L이하,,NA,<=,0.05,7700,㎎/L
147717,세제(음이온계면활성제),수질,소규모급수시설 원수(지하수),,0.5 mg/L이하,,NA,<=,0.5,9200,㎎/L
147718,수은,수질,소규모급수시설 원수(지하수),,0.001 mg/L 이하,,NA,<=,0.001,6600,㎎/L
147719,시안,수질,소규모급수시설 원수(지하수),,0.01 mg/L이하,,NA,<=,0.01,11300,㎎/L
147720,카드뮴,수질,소규모급수시설 원수(지하수),,0.005 mg/L이하,,NA,<=,0.005,6100,㎎/L
147721,파라티온,수질,소규모급수시설 원수(지하수),,0.06 mg/L이하,,NA,<=,0.06,0,㎎/L
147722,페니트로티온,수질,소규모급수시설 원수(지하수),,0.04 mg/L이하,,NA,<=,0.04,0,㎎/L
147723,6가크롬,수질,소규모급수시설 원수(표류수),,0.05 mg/L이하,,NA,<=,0.05,6900,㎎/L
147724,납,수질,소규모급수시설 원수(표류수),,0.05 mg/L이하,,NA,<=,0.05,6900,㎎/L
147725,부유물질,수질,소규모급수시설 원수(표류수),,25.0 mg/L이하,,NA,<=,25,2800,㎎/L
147726,분원성대장균군,수질,소규모급수시설 원수(표류수),,1,000(군수/100 mL),,NA,<=,1000,11400,MPN/100㎖
147727,비소,수질,소규모급수시설 원수(표류수),,0.05 mg/L이하,,NA,<=,0.05,13900,㎎/L
147728,생물화학적산소요구량,수질,소규모급수시설 원수(표류수),,5.0 mg/L이하,,NA,<=,5,5800,㎎/L
147729,세제(음이온계면활성제),수질,소규모급수시설 원수(표류수),,0.5 mg/L이하,,NA,<=,0.5,13200,㎎/L
147730,수소이온농도,수질,소규모급수시설 원수(표류수),,6.5~8.5,6.5,<=,<=,8.5,800,
147731,수은,수질,소규모급수시설 원수(표류수),,불검출(검출한계 0.001 mg/L),0,<=,<=,0,10600,㎎/L
147732,시안,수질,소규모급수시설 원수(표류수),,불검출(검출한계 0.01 mg/L),0,<=,<=,0,13100,㎎/L
147733,용존산소,수질,소규모급수시설 원수(표류수),,5.0 mg/L이상,5,<=,NA,,2800,㎎/L
147734,유기인,수질,소규모급수시설 원수(표류수),,불검출(검출한계 0.0005 mg/L),0,<=,<=,0.0005,20300,㎎/L
147735,총대장균군,수질,소규모급수시설 원수(표류수),,5,000 이하(군수/100 mL),,NA,<=,5000,14800,군수/100 mL
147736,카드뮴,수질,소규모급수시설 원수(표류수),,0.005 mg/L이하,,NA,<=,0.005,6900,㎎/L
147737,폴리클로로네이티드비페닐,수질,소규모급수시설 원수(표류수),,불검출(검출한계 0.0005 mg/L),0,<=,<=,0,125200,㎎/L
149555,분원성대장균군,수질,소규모급수시설 원수(표류수),,1,000이하(군수/100 mL),,NA,<=,1000,11400,군수/100㎖
147738,6가크롬,수질,마을상수도_표류수,,0.05 mg/L이하,,NA,<=,0.05,6900,㎎/L
147739,납,수질,마을상수도_표류수,,0.05 mg/L이하,,NA,<=,0.05,6900,㎎/L
147740,부유물질,수질,마을상수도_표류수,,25.0 mg/L이하,,NA,<=,25,2800,㎎/L
147741,분원성대장균군,수질,마을상수도_표류수,,1,000이하(군수/100 mL),,NA,<=,1000,11400,군수/100㎖
147742,비소,수질,마을상수도_표류수,,0.05 mg/L이하,,NA,<=,0.05,13900,㎎/L
147743,생물화학적산소요구량,수질,마을상수도_표류수,,5.0 mg/L이하,,NA,<=,5,5800,㎎/L
147744,세제(음이온계면활성제),수질,마을상수도_표류수,,0.5 mg/L이하,,NA,<=,0.5,13200,㎎/L
147745,수소이온농도,수질,마을상수도_표류수,,6.5~8.5,6.5,<=,<=,8.5,800,
147746,수은,수질,마을상수도_표류수,,불검출(검출한계 0.001 mg/L),0,<=,<=,0,10600,㎎/L
147747,시안,수질,마을상수도_표류수,,불검출(검출한계 0.01 mg/L),0,<=,<=,0,13100,㎎/L
147748,용존산소,수질,마을상수도_표류수,,5.0 mg/L이상,5,<=,NA,,2800,㎎/L
147749,유기인,수질,마을상수도_표류수,,불검출(검출한계 0.0005 mg/L),0,<=,<=,0.0005,20300,㎎/L
147750,총대장균군,수질,마을상수도_표류수,,5,000 이하(군수/100 mL),,NA,<=,5000,14800,군수/100 mL
147751,카드뮴,수질,마을상수도_표류수,,0.005 mg/L이하,,NA,<=,0.005,6900,㎎/L
147752,폴리클로로네이티드비페닐,수질,마을상수도_표류수,,불검출(검출한계 0.0005 mg/L),0,<=,<=,0,125200,㎎/L
147753,1,2-디브로모-3-클로로프로판,수질,전용상수도(전항목),,0.003 mg/L이하,,NA,<=,0.003,21400,㎎/L
147754,1,1,1-트리클로로에탄,수질,전용상수도(전항목),,0.1 mg/L이하,,NA,<=,0.1,19600,㎎/L
147755,1,1-디클로로에틸렌,수질,전용상수도(전항목),,0.03 mg/L이하,,NA,<=,0.03,13600,㎎/L
147756,6가크롬,수질,전용상수도(전항목),,0.05 mg/L이하,,NA,<=,0.05,3900,㎎/L
147757,경도,수질,전용상수도(전항목),,1000 mg/L이하,,NA,<=,1000,2400,㎎/L
147758,과망간산칼륨소비량,수질,전용상수도(전항목),,10 mg/L이하,,NA,<=,10,2800,㎎/L
147759,납,수질,전용상수도(전항목),,0.05 mg/L이하,,NA,<=,0.05,6100,㎎/L
147760,냄새,수질,전용상수도(전항목),,없음,0,<=,<=,0,600,
147761,다이아지논,수질,전용상수도(전항목),,0.02 mg/L이하,,NA,<=,0.02,15600,㎎/L
147762,대장균,수질,전용상수도(전항목),,불검출/100 mL,0,<=,<=,0,6200,/100 mL
147763,동,수질,전용상수도(전항목),,1 mg/L이하,,NA,<=,1,6100,㎎/L
147764,디브로모아세토니트릴,수질,전용상수도(전항목),,0.1 mg/L이하,,NA,<=,0.1,21400,㎎/L
147765,디브로모클로로메탄,수질,전용상수도(전항목),,0.1 mg/L이하,,NA,<=,0.1,19600,㎎/L
147766,디클로로메탄,수질,전용상수도(전항목),,0.02 mg/L이하,,NA,<=,0.02,13600,㎎/L
147767,디클로로아세토니트릴,수질,전용상수도(전항목),,0.09 mg/L이하,,NA,<=,0.09,21400,㎎/L
147768,맛,수질,전용상수도(전항목),,없음,0,<=,<=,0,300,
147769,망간,수질,전용상수도(전항목),,0.3 mg/L이하,,NA,<=,0.3,6100,㎎/L
147770,벤젠,수질,전용상수도(전항목),,0.01 mg/L이하,,NA,<=,0.01,13600,㎎/L
147771,보론,수질,전용상수도(전항목),,1.0 mg/L이하,,NA,<=,1,3100,㎎/L
147772,분원성대장균군,수질,전용상수도(전항목),,불검출/100 mL,0,<=,<=,0,8400,/100 mL
147773,불소,수질,전용상수도(전항목),,1.5 mg/L이하,,NA,<=,1.5,9300,㎎/L
147774,브로모디클로로메탄,수질,전용상수도(전항목),,0.03 mg/L이하,,NA,<=,0.03,19600,㎎/L
147775,비소,수질,전용상수도(전항목),,0.05 mg/L이하,,NA,<=,0.05,7700,㎎/L
147776,사염화탄소,수질,전용상수도(전항목),,0.002 mg/L이하,,NA,<=,0.002,13600,㎎/L
147777,색도,수질,전용상수도(전항목),,5 도이하,,NA,<=,5,2600,도
147778,세레늄,수질,전용상수도(전항목),,0.01 mg/L이하,,NA,<=,0.01,6600,㎎/L
147779,세제(음이온계면활성제),수질,전용상수도(전항목),,0.5 mg/L이하,,NA,<=,0.5,9200,㎎/L
147780,수소이온농도,수질,전용상수도(전항목),,5.8~8.5,5.8,<=,<=,8.5,300,
147781,수은,수질,전용상수도(전항목),,0.001 mg/L 이하,,NA,<=,0.001,6600,㎎/L
147782,시안,수질,전용상수도(전항목),,0.01 mg/L이하,,NA,<=,0.01,11300,㎎/L
147783,아연,수질,전용상수도(전항목),,3 mg/L이하,,NA,<=,3,6100,㎎/L
147784,알루미늄,수질,전용상수도(전항목),,0.2 mg/L이하,,NA,<=,0.2,6100,㎎/L
147785,암모니아성질소,수질,전용상수도(전항목),,0.5 mg/L이하,,NA,<=,0.5,2300,㎎/L
147786,에틸벤젠,수질,전용상수도(전항목),,0.3 mg/L이하,,NA,<=,0.3,13600,㎎/L
147787,염소이온,수질,전용상수도(전항목),,250 mg/L이하,,NA,<=,250,3900,㎎/L
147788,유리잔류염소,수질,전용상수도(전항목),,4.0 mg/L이하,,NA,<=,4,3700,㎎/L
147789,일반세균,수질,전용상수도(전항목),,100 CFU/mL 이하,,NA,<=,100,5300,CFU/mL
147790,증발잔류물,수질,전용상수도(전항목),,500 mg/L이하,,NA,<=,500,2900,㎎/L
147791,질산성질소,수질,전용상수도(전항목),,10 mg/L이하,,NA,<=,10,7200,㎎/L
147792,철,수질,전용상수도(전항목),,0.3 mg/L이하,,NA,<=,0.3,6100,㎎/L
147793,총대장균군,수질,전용상수도(전항목),,불검출/100 mL,0,<=,<=,0,8800,/100 mL
147794,총트리할로메탄,수질,전용상수도(전항목),,0.1 mg/L이하,,NA,<=,0.1,19600,㎎/L
147795,카드뮴,수질,전용상수도(전항목),,0.005 mg/L이하,,NA,<=,0.005,6100,㎎/L
147796,카바릴,수질,전용상수도(전항목),,0.07 mg/L이하,,NA,<=,0.07,15700,㎎/L
147797,크실렌,수질,전용상수도(전항목),,0.5 mg/L이하,,NA,<=,0.5,13600,㎎/L
147798,클로랄하이드레이트,수질,전용상수도(전항목),,0.03 mg/L이하,,NA,<=,0.03,21400,㎎/L
147799,클로로포름,수질,전용상수도(전항목),,0.08 mg/L이하,,NA,<=,0.08,19600,㎎/L
147800,탁도,수질,전용상수도(전항목),,0.5 NTU이하,,NA,<=,0.5,400,NTU
147801,테트라클로로에틸렌,수질,전용상수도(전항목),,0.01 mg/L이하,,NA,<=,0.01,19600,㎎/L
147802,톨루엔,수질,전용상수도(전항목),,0.7 mg/L이하,,NA,<=,0.7,13600,㎎/L
147803,트리클로로아세토니트릴,수질,전용상수도(전항목),,0.004 mg/L이하,,NA,<=,0.004,21400,㎎/L
147804,트리클로로에틸렌,수질,전용상수도(전항목),,0.03 mg/L이하,,NA,<=,0.03,19600,㎎/L
147805,파라티온,수질,전용상수도(전항목),,0.06 mg/L이하,,NA,<=,0.06,15600,㎎/L
147806,페놀,수질,전용상수도(전항목),,0.005 mg/L이하,,NA,<=,0.005,9300,㎎/L
147807,페니트로티온,수질,전용상수도(전항목),,0.04 mg/L이하,,NA,<=,0.04,15600,㎎/L
147808,할로아세틱에시드,수질,전용상수도(전항목),,0.1 mg/L이하,,NA,<=,0.1,29200,㎎/L
147809,황산이온,수질,전용상수도(전항목),,200 mg/L이하,,NA,<=,200,11800,㎎/L
149615,분원성대장균/대장균,수질,전용상수도(전항목),,불검출/100 mL,0,<=,<=,0,8400,/100 mL
149745,1,4-다이옥산,수질,전용상수도(전항목),,0.05 mg/L이하,0,<=,<=,0.05,19600,㎎/L
149746,납,수질,전용상수도(전항목),,0.01 mg/L이하,,NA,<=,0.01,6100,㎎/L
149747,망간,수질,전용상수도(전항목),,0.05 mg/L이하,,NA,<=,0.05,6100,㎎/L
149748,비소,수질,전용상수도(전항목),,0.01 mg/L이하,,NA,<=,0.0106,7700,㎎/L
149749,크롬,수질,전용상수도(전항목),,0.05 mg/L이하,0,<=,<=,0.05,3900,㎎/L
151880,브로모포름,수질,전용상수도(전항목),,-,0,<=,NA,,0,
147810,부유물질,수질,마을상수도_표류수(반기검사),,25.0 mg/L이하,,NA,<=,25,2800,㎎/L
147811,분원성대장균군,수질,마을상수도_표류수(반기검사),,1,000이하(군수/100 mL),,NA,<=,1000,11400,군수/100㎖
147812,생물화학적산소요구량,수질,마을상수도_표류수(반기검사),,5.0 mg/L이하,,NA,<=,5,5800,㎎/L
147813,수소이온농도,수질,마을상수도_표류수(반기검사),,6.5~8.5,6.5,<=,<=,8.5,800,
147814,용존산소,수질,마을상수도_표류수(반기검사),,5.0 mg/L이상,5,<=,NA,,2800,㎎/L
147815,총대장균군,수질,마을상수도_표류수(반기검사),,5,000 이하(군수/100 mL),,NA,<=,5000,14800,군수/100 mL
147816,부유물질,수질,소규모급수_표류수(반기검사),,25.0 mg/L이하,,NA,<=,25,2800,㎎/L
147817,분원성대장균군,수질,소규모급수_표류수(반기검사),,1,000이하(군수/100 mL),,NA,<=,1000,11400,군수/100㎖
147818,생물화학적산소요구량,수질,소규모급수_표류수(반기검사),,5.0 mg/L이하,,NA,<=,5,5800,㎎/L
147819,수소이온농도,수질,소규모급수_표류수(반기검사),,6.5~8.5,6.5,<=,<=,8.5,800,
147820,용존산소,수질,소규모급수_표류수(반기검사),,5.0 mg/L이상,5,<=,NA,,2800,㎎/L
147821,총대장균군,수질,소규모급수_표류수(반기검사),,5,000 이하(군수/100 mL),,NA,<=,5000,14800,군수/100 mL
수질,지하수(공,농,어업,참고),1090000000,,,,,,,
147822,1,1,1-트리클로로에탄,수질,어업용수,,0.3 mg/L이하,,NA,<=,0.3,13900,㎎/L
147823,6가크롬,수질,어업용수,,0.05 mg/L이하,,NA,<=,0.05,6900,㎎/L
147824,납,수질,어업용수,,0.1 mg/L이하,,NA,<=,0.1,6900,㎎/L
147825,비소,수질,어업용수,,0.05 mg/L이하,,NA,<=,0.05,13900,㎎/L
147826,수소이온농도,수질,어업용수,,6.0~8.5,6,<=,<=,8.5,800,
147827,수은,수질,어업용수,,0.001 mg/L 이하,,NA,<=,0.001,10600,㎎/L
147828,시안,수질,어업용수,,0.01 mg/L이하,,NA,<=,0.01,13100,㎎/L
147829,유기인,수질,어업용수,,0.0005 mg/L이하,0,<=,<=,0.0005,20300,㎎/L
147830,질산성질소,수질,어업용수,,20 mg/L이하,,NA,<=,20,5400,㎎/L
147831,카드뮴,수질,어업용수,,0.01 mg/L이하,,NA,<=,0.01,6900,㎎/L
147832,테트라클로로에틸렌,수질,어업용수,,0.01 mg/L이하,,NA,<=,0.01,0,㎎/L
147833,트리클로로에틸렌,수질,어업용수,,0.03 mg/L이하,,NA,<=,0.03,0,㎎/L
147834,페놀,수질,어업용수,,0.005 mg/L이하,,NA,<=,0.005,7800,㎎/L
152463,6가크롬,수질,어업용수,,0.05 mg/L이하,,NA,<=,0.05,6900,㎎/L
152473,납,수질,어업용수,,0.1 mg/L이하,,NA,<=,0.1,6900,㎎/L
152485,비소,수질,어업용수,,0.05 mg/L이하,,NA,<=,0.05,13900,㎎/L
147835,1,1,1-트리클로로에탄,수질,공업용수,,0.5 mg/L이하,,NA,<=,0.5,13900,㎎/L
147836,6가크롬,수질,공업용수,,0.1 mg/L이하,,NA,<=,0.1,6900,㎎/L
147837,납,수질,공업용수,,0.2 mg/L이하,,NA,<=,0.2,6900,㎎/L
147838,비소,수질,공업용수,,0.10 mg/L이하,,NA,<=,0.1,13900,㎎/L
147839,수소이온농도,수질,공업용수,,5.0~9.0,5,<=,<=,9,800,
147840,수은,수질,공업용수,,0.001 mg/L 이하,,NA,<=,0.001,10600,㎎/L
147841,시안,수질,공업용수,,0.2 mg/L이하,,NA,<=,0.2,13100,㎎/L
147842,염소이온,수질,공업용수,,500 mg/L이하,,NA,<=,500,2900,㎎/L
147843,유기인,수질,공업용수,,0.0005 mg/L이하,0,<=,<=,0.0005,20300,㎎/L
147844,질산성질소,수질,공업용수,,40 mg/L이하,,NA,<=,40,5400,㎎/L
147845,카드뮴,수질,공업용수,,0.02 mg/L이하,,NA,<=,0.02,6900,㎎/L
147846,테트라클로로에틸렌,수질,공업용수,,0.02 mg/L이하,,NA,<=,0.02,0,㎎/L
147847,트리클로로에틸렌,수질,공업용수,,0.06 mg/L이하,,NA,<=,0.06,0,㎎/L
147848,페놀,수질,공업용수,,0.01 mg/L이하,,NA,<=,0.01,7800,㎎/L
152470,6가크롬,수질,공업용수,,0.1 mg/L이하,,NA,<=,0.1,6900,㎎/L
152480,납,수질,공업용수,,0.2 mg/L이하,,NA,<=,0.2,6900,㎎/L
152492,비소,수질,공업용수,,0.10 mg/L이하,,NA,<=,0.1,13900,㎎/L
152502,염소이온,수질,공업용수,,500 mg/L이하,,NA,<=,500,2900,㎎/L
147849,1,1,1-트리클로로에탄,수질,농업용수,,0.3 mg/L이하,,NA,<=,0.3,13900,㎎/L
147850,6가크롬,수질,농업용수,,0.05 mg/L이하,,NA,<=,0.05,6900,㎎/L
147851,납,수질,농업용수,,0.1 mg/L이하,,NA,<=,0.1,6900,㎎/L
147852,비소,수질,농업용수,,0.05 mg/L이하,,NA,<=,0.05,13900,㎎/L
147853,수소이온농도,수질,농업용수,,6.0~8.5,6,<=,<=,8.5,800,
147854,수은,수질,농업용수,,0.001 mg/L 이하,,NA,<=,0.001,10600,㎎/L
147855,시안,수질,농업용수,,0.01 mg/L이하,,NA,<=,0.01,13100,㎎/L
147856,염소이온,수질,농업용수,,250 mg/L이하,,NA,<=,250,2900,㎎/L
147857,유기인,수질,농업용수,,0.0005 mg/L이하,0,<=,<=,0.0005,20300,㎎/L
147858,질산성질소,수질,농업용수,,20 mg/L이하,,NA,<=,20,5400,㎎/L
147859,카드뮴,수질,농업용수,,0.01 mg/L이하,,NA,<=,0.01,6900,㎎/L
147860,테트라클로로에틸렌,수질,농업용수,,0.01 mg/L이하,,NA,<=,0.01,0,㎎/L
147861,트리클로로에틸렌,수질,농업용수,,0.03 mg/L이하,,NA,<=,0.03,0,㎎/L
147862,페놀,수질,농업용수,,0.005 mg/L이하,,NA,<=,0.005,7800,㎎/L
152464,6가크롬,수질,농업용수,,0.05 mg/L이하,,NA,<=,0.05,6900,㎎/L
152474,납,수질,농업용수,,0.1 mg/L이하,,NA,<=,0.1,6900,㎎/L
152486,비소,수질,농업용수,,0.05 mg/L이하,,NA,<=,0.05,13900,㎎/L
152498,염소이온,수질,농업용수,,250 mg/L이하,,NA,<=,250,2900,㎎/L
147863,1,2-디브로모-3-클로로프로판,수질,지하수,1090900000,0.003 mg/L이하,,NA,<=,0.003,21400,㎎/L
147864,1,1,1-트리클로로에탄,수질,지하수,1090900000,0.1 mg/L이하,,NA,<=,0.1,19600,㎎/L
147865,1,1-디클로로에틸렌,수질,지하수,1090900000,0.03 mg/L이하,,NA,<=,0.03,13600,㎎/L
147866,6가크롬,수질,지하수,1090900000,0.05 mg/L이하,,NA,<=,0.05,3900,㎎/L
147867,경도,수질,지하수,1090900000,1000 mg/L이하,,NA,<=,1000,2400,㎎/L
147868,과망간산칼륨소비량,수질,지하수,1090900000,10 mg/L이하,,NA,<=,10,2800,㎎/L
147869,납,수질,지하수,1090900000,0.05 mg/L이하,,NA,<=,0.05,6100,㎎/L
147085,클로로포름,수질,전용상수도(일부항목)*,,0.08 mg/L이하,,NA,<=,0.08,19600,㎎/L
147086,탁도,수질,전용상수도(일부항목)*,,0.5 NTU이하,,NA,<=,0.5,400,NTU
147087,테트라클로로에틸렌,수질,전용상수도(일부항목)*,,0.01 mg/L이하,,NA,<=,0.01,19600,㎎/L
147088,톨루엔,수질,전용상수도(일부항목)*,,0.7 mg/L이하,,NA,<=,0.7,13600,㎎/L
147089,트리클로로아세토니트릴,수질,전용상수도(일부항목)*,,0.004 mg/L이하,,NA,<=,0.004,21400,㎎/L
147090,트리클로로에틸렌,수질,전용상수도(일부항목)*,,0.03 mg/L이하,,NA,<=,0.03,19600,㎎/L
147091,파라티온,수질,전용상수도(일부항목)*,,0.06 mg/L이하,,NA,<=,0.06,15600,㎎/L
147092,페놀,수질,전용상수도(일부항목)*,,0.005 mg/L이하,,NA,<=,0.005,9300,㎎/L
147093,페니트로티온,수질,전용상수도(일부항목)*,,0.04 mg/L이하,,NA,<=,0.04,15600,㎎/L
147094,할로아세틱에시드,수질,전용상수도(일부항목)*,,0.1 mg/L이하,,NA,<=,0.1,29200,㎎/L
147095,황산이온,수질,전용상수도(일부항목)*,,200 mg/L이하,,NA,<=,200,11800,㎎/L
149736,1,4-다이옥산,수질,전용상수도(일부항목)*,,0.05 mg/L이하,0,<=,<=,0.05,19600,㎎/L
149737,납,수질,전용상수도(일부항목)*,,0.01 mg/L이하,,NA,<=,0.01,6100,㎎/L
149738,망간,수질,전용상수도(일부항목)*,,0.05 mg/L이하,,NA,<=,0.05,6100,㎎/L
149739,비소,수질,전용상수도(일부항목)*,,0.01 mg/L이하,,NA,<=,0.0106,7700,㎎/L
149740,크롬,수질,전용상수도(일부항목)*,,0.05 mg/L이하,0,<=,<=,0.05,3900,㎎/L
151864,브로모포름,수질,전용상수도(일부항목)*,,-,0,<=,NA,,0,
147096,1,2-디브로모-3-클로로프로판,수질,마을상수도(전항목)*,,0.003 mg/L이하,,NA,<=,0.003,21400,㎎/L
147097,1,1,1-트리클로로에탄,수질,마을상수도(전항목)*,,0.1 mg/L이하,,NA,<=,0.1,19600,㎎/L
147098,1,1-디클로로에틸렌,수질,마을상수도(전항목)*,,0.03 mg/L이하,,NA,<=,0.03,13600,㎎/L
147099,6가크롬,수질,마을상수도(전항목)*,,0.05 mg/L이하,,NA,<=,0.05,3900,㎎/L
147100,경도,수질,마을상수도(전항목)*,,1000 mg/L이하,,NA,<=,1000,2400,㎎/L
147101,과망간산칼륨소비량,수질,마을상수도(전항목)*,,10 mg/L이하,,NA,<=,10,2800,㎎/L
147102,납,수질,마을상수도(전항목)*,,0.05 mg/L이하,,NA,<=,0.05,6100,㎎/L
147103,냄새,수질,마을상수도(전항목)*,,없음,0,<=,<=,0,600,
147104,다이아지논,수질,마을상수도(전항목)*,,0.02 mg/L이하,,NA,<=,0.02,15600,㎎/L
147105,대장균,수질,마을상수도(전항목)*,,불검출/100 mL,0,<=,<=,0,6200,/100 mL
147106,동,수질,마을상수도(전항목)*,,1 mg/L이하,,NA,<=,1,6100,㎎/L
147107,디브로모아세토니트릴,수질,마을상수도(전항목)*,,0.1 mg/L이하,,NA,<=,0.1,21400,㎎/L
147108,디브로모클로로메탄,수질,마을상수도(전항목)*,,0.1 mg/L이하,,NA,<=,0.1,19600,㎎/L
147109,디클로로메탄,수질,마을상수도(전항목)*,,0.02 mg/L이하,,NA,<=,0.02,13600,㎎/L
147110,디클로로아세토니트릴,수질,마을상수도(전항목)*,,0.09 mg/L이하,,NA,<=,0.09,21400,㎎/L
147111,맛,수질,마을상수도(전항목)*,,없음,0,<=,<=,0,300,
147112,망간,수질,마을상수도(전항목)*,,0.3 mg/L이하,,NA,<=,0.3,6100,㎎/L
147113,벤젠,수질,마을상수도(전항목)*,,0.01 mg/L이하,,NA,<=,0.01,13600,㎎/L
147114,보론,수질,마을상수도(전항목)*,,1.0 mg/L이하,,NA,<=,1,3100,㎎/L
147115,분원성대장균군,수질,마을상수도(전항목)*,,불검출/100 mL,0,<=,<=,0,8400,/100 mL
147116,불소,수질,마을상수도(전항목)*,,1.5 mg/L이하,,NA,<=,1.5,9300,㎎/L
147117,브로모디클로로메탄,수질,마을상수도(전항목)*,,0.03 mg/L이하,,NA,<=,0.03,19600,㎎/L
147118,비소,수질,마을상수도(전항목)*,,0.05 mg/L이하,,NA,<=,0.05,7700,㎎/L
147119,사염화탄소,수질,마을상수도(전항목)*,,0.002 mg/L이하,,NA,<=,0.002,13600,㎎/L
147120,색도,수질,마을상수도(전항목)*,,5 도이하,,NA,<=,5,2600,도
147121,세레늄,수질,마을상수도(전항목)*,,0.01 mg/L이하,,NA,<=,0.01,6600,㎎/L
147122,세제(음이온계면활성제),수질,마을상수도(전항목)*,,0.5 mg/L이하,,NA,<=,0.5,9200,㎎/L
147123,수소이온농도,수질,마을상수도(전항목)*,,5.8~8.5,5.8,<=,<=,8.5,300,
147124,수은,수질,마을상수도(전항목)*,,0.001 mg/L 이하,,NA,<=,0.001,6600,㎎/L
147125,시안,수질,마을상수도(전항목)*,,0.01 mg/L이하,,NA,<=,0.01,11300,㎎/L
147126,아연,수질,마을상수도(전항목)*,,3 mg/L이하,,NA,<=,3,6100,㎎/L
147127,알루미늄,수질,마을상수도(전항목)*,,0.2 mg/L이하,,NA,<=,0.2,6100,㎎/L
147128,암모니아성질소,수질,마을상수도(전항목)*,,0.5 mg/L이하,,NA,<=,0.5,2300,㎎/L
147129,에틸벤젠,수질,마을상수도(전항목)*,,0.3 mg/L이하,,NA,<=,0.3,13600,㎎/L
147130,염소이온,수질,마을상수도(전항목)*,,250 mg/L이하,,NA,<=,250,3900,㎎/L
147131,유리잔류염소,수질,마을상수도(전항목)*,,4.0 mg/L이하,,NA,<=,4,3700,㎎/L
147132,일반세균,수질,마을상수도(전항목)*,,100 CFU/mL 이하,,NA,<=,100,5300,CFU/mL
147133,증발잔류물,수질,마을상수도(전항목)*,,500 mg/L이하,,NA,<=,500,2900,㎎/L
147134,질산성질소,수질,마을상수도(전항목)*,,10 mg/L이하,,NA,<=,10,7200,㎎/L
147135,철,수질,마을상수도(전항목)*,,0.3 mg/L이하,,NA,<=,0.3,6100,㎎/L
147136,총대장균군,수질,마을상수도(전항목)*,,불검출/100 mL,0,<=,<=,0,8800,/100 mL
147137,총트리할로메탄,수질,마을상수도(전항목)*,,0.1 mg/L이하,,NA,<=,0.1,19600,㎎/L
147138,카드뮴,수질,마을상수도(전항목)*,,0.005 mg/L이하,,NA,<=,0.005,6100,㎎/L
147139,카바릴,수질,마을상수도(전항목)*,,0.07 mg/L이하,,NA,<=,0.07,15700,㎎/L
147140,크실렌,수질,마을상수도(전항목)*,,0.5 mg/L이하,,NA,<=,0.5,13600,㎎/L
147141,클로랄하이드레이트,수질,마을상수도(전항목)*,,0.03 mg/L이하,,NA,<=,0.03,21400,㎎/L
147142,클로로포름,수질,마을상수도(전항목)*,,0.08 mg/L이하,,NA,<=,0.08,19600,㎎/L
147143,탁도,수질,마을상수도(전항목)*,,0.5 NTU이하,,NA,<=,0.5,400,NTU
147144,테트라클로로에틸렌,수질,마을상수도(전항목)*,,0.01 mg/L이하,,NA,<=,0.01,19600,㎎/L
147145,톨루엔,수질,마을상수도(전항목)*,,0.7 mg/L이하,,NA,<=,0.7,13600,㎎/L
147146,트리클로로아세토니트릴,수질,마을상수도(전항목)*,,0.004 mg/L이하,,NA,<=,0.004,21400,㎎/L
147147,트리클로로에틸렌,수질,마을상수도(전항목)*,,0.03 mg/L이하,,NA,<=,0.03,19600,㎎/L
147148,파라티온,수질,마을상수도(전항목)*,,0.06 mg/L이하,,NA,<=,0.06,0,㎎/L
147149,페놀,수질,마을상수도(전항목)*,,0.005 mg/L이하,,NA,<=,0.005,9300,㎎/L
147150,페니트로티온,수질,마을상수도(전항목)*,,0.04 mg/L이하,,NA,<=,0.04,0,㎎/L
147151,할로아세틱에시드,수질,마을상수도(전항목)*,,0.1 mg/L이하,,NA,<=,0.1,29200,㎎/L
147152,황산이온,수질,마을상수도(전항목)*,,200 mg/L이하,,NA,<=,200,11800,㎎/L
149620,분원성대장균/대장균,수질,마을상수도(전항목)*,,불검출/100 mL,0,<=,<=,0,8400,/100 mL
149661,탁도,수질,마을상수도(전항목)*,,1 NTU이하,,NA,<=,1,400,NTU
149760,1,4-다이옥산,수질,마을상수도(전항목)*,,0.05 mg/L이하,0,<=,<=,0.05,19600,㎎/L
149761,납,수질,마을상수도(전항목)*,,0.01 mg/L이하,,NA,<=,0.01,6100,㎎/L
149762,망간,수질,마을상수도(전항목)*,,0.05 mg/L이하,,NA,<=,0.05,6100,㎎/L
149763,비소,수질,마을상수도(전항목)*,,0.01 mg/L이하,,NA,<=,0.0106,7700,㎎/L
149764,크롬,수질,마을상수도(전항목)*,,0.05 mg/L이하,0,<=,<=,0.05,3900,㎎/L
151865,브로모포름,수질,마을상수도(전항목)*,,-,0,<=,NA,,0,
147153,1,2-디브로모-3-클로로프로판,수질,마을상수도(일부항목)*,,0.003 mg/L이하,,NA,<=,0.003,21400,㎎/L
147154,1,1,1-트리클로로에탄,수질,마을상수도(일부항목)*,,0.1 mg/L이하,,NA,<=,0.1,19600,㎎/L
147155,1,1-디클로로에틸렌,수질,마을상수도(일부항목)*,,0.03 mg/L이하,,NA,<=,0.03,13600,㎎/L
147156,6가크롬,수질,마을상수도(일부항목)*,,0.05 mg/L이하,,NA,<=,0.05,3900,㎎/L
147157,경도,수질,마을상수도(일부항목)*,,1000 mg/L이하,,NA,<=,1000,2400,㎎/L
147158,과망간산칼륨소비량,수질,마을상수도(일부항목)*,,10 mg/L이하,,NA,<=,10,2800,㎎/L
147159,납,수질,마을상수도(일부항목)*,,0.05 mg/L이하,,NA,<=,0.05,6100,㎎/L
147160,냄새,수질,마을상수도(일부항목)*,,없음,0,<=,<=,0,600,
147161,다이아지논,수질,마을상수도(일부항목)*,,0.02 mg/L이하,,NA,<=,0.02,15600,㎎/L
147162,대장균,수질,마을상수도(일부항목)*,,불검출/100 mL,0,<=,<=,0,6200,/100 mL
147163,동,수질,마을상수도(일부항목)*,,1 mg/L이하,,NA,<=,1,6100,㎎/L
147164,디브로모아세토니트릴,수질,마을상수도(일부항목)*,,0.1 mg/L이하,,NA,<=,0.1,21400,㎎/L
147165,디브로모클로로메탄,수질,마을상수도(일부항목)*,,0.1 mg/L이하,,NA,<=,0.1,19600,㎎/L
147166,디클로로메탄,수질,마을상수도(일부항목)*,,0.02 mg/L이하,,NA,<=,0.02,13600,㎎/L
147167,디클로로아세토니트릴,수질,마을상수도(일부항목)*,,0.09 mg/L이하,,NA,<=,0.09,21400,㎎/L
147168,맛,수질,마을상수도(일부항목)*,,없음,0,<=,<=,0,300,
147169,망간,수질,마을상수도(일부항목)*,,0.3 mg/L이하,,NA,<=,0.3,6100,㎎/L
147170,벤젠,수질,마을상수도(일부항목)*,,0.01 mg/L이하,,NA,<=,0.01,13600,㎎/L
147171,보론,수질,마을상수도(일부항목)*,,1.0 mg/L이하,,NA,<=,1,3100,㎎/L
147172,분원성대장균군,수질,마을상수도(일부항목)*,,불검출/100 mL,0,<=,<=,0,8400,/100 mL
147173,불소,수질,마을상수도(일부항목)*,,1.5 mg/L이하,,NA,<=,1.5,9300,㎎/L
147174,브로모디클로로메탄,수질,마을상수도(일부항목)*,,0.03 mg/L이하,,NA,<=,0.03,19600,㎎/L
147175,비소,수질,마을상수도(일부항목)*,,0.05 mg/L이하,,NA,<=,0.05,7700,㎎/L